date,AAPL,MSFT,NVDA,AMZN,GOOGL,JPM,XOM,UNH,PG,JNJ
2021-01-04,125.740837,207.956146,13.076018,159.331497,85.599030,109.491554,33.466637,319.662201,119.853645,134.287354
2021-01-05,127.295502,208.156754,13.366435,160.925507,86.289322,110.087334,35.079483,315.363434,120.618896,135.866196
2021-01-06,123.010513,202.759369,12.578445,156.919006,85.437859,115.256592,35.974613,328.597992,121.888588,137.144699
2021-01-07,127.208054,208.529282,13.305862,158.108002,87.989769,119.041519,36.256863,333.866302,120.749359,137.608063
2021-01-08,128.305984,209.799805,13.238801,159.134995,89.154640,119.172951,36.660076,332.366302,120.697151,137.324905
2021-01-11,125.323044,207.765045,13.582565,155.710495,87.094666,120.951515,37.772949,329.951691,119.879730,136.750000
2021-01-12,125.148155,205.319504,13.446206,156.041504,86.159386,122.852760,38.611626,326.860260,119.183998,135.686020
2021-01-13,127.178871,206.666489,13.493073,158.294495,86.646378,122.966660,39.047089,324.729156,119.366638,135.480103
2021-01-14,125.255013,203.494919,13.162520,156.373505,85.836555,123.685074,40.571247,320.604279,118.096977,137.848328
2021-01-15,123.535202,203.141449,12.822744,155.212494,85.672913,121.468414,38.619694,321.308472,117.209908,137.548019
2021-01-19,124.205643,206.762024,12.988021,156.037994,88.492119,120.942772,39.385796,322.122528,116.183762,139.676025
2021-01-20,128.286530,214.308762,13.327549,163.169006,93.232933,119.129143,39.942230,320.887787,114.731445,139.332794
2021-01-21,132.989365,214.910614,13.827862,165.349503,93.435265,118.130318,38.797096,324.692596,114.618599,138.775024
2021-01-22,135.126984,215.846771,13.673305,164.611496,93.852310,117.219131,38.248734,317.878601,113.734970,140.336761
2021-01-25,138.867783,219.266708,13.614225,164.699997,93.937607,115.755997,37.821327,318.116455,115.694717,142.421814
2021-01-26,139.101044,221.941513,13.396847,166.306503,94.615494,115.282860,36.990715,313.817627,116.438370,146.283142
2021-01-27,138.032211,222.486023,12.880829,161.628998,90.201492,112.023613,36.571373,304.561676,112.317665,144.052200
2021-01-28,133.203094,228.246384,13.013696,161.880997,91.900459,113.994919,37.143936,309.281158,114.049927,145.150482
2021-01-29,128.218521,221.588058,12.952621,160.309998,90.619041,112.733284,36.160095,305.101288,112.168953,139.976364
2021-02-01,130.336716,228.934158,13.199164,167.143997,93.877617,113.565613,36.224613,305.485443,112.833832,139.615936
2021-02-02,131.162659,228.800461,13.518002,169.000000,95.169441,117.061462,36.797173,309.802460,112.676331,138.363205
2021-02-03,130.142410,232.134399,13.491828,165.626495,102.100143,118.401932,38.240669,309.043396,112.816322,137.719620
2021-02-04,133.494614,231.188660,13.625194,166.550003,101.839798,121.126747,38.974514,301.204956,112.886337,138.998154
2021-02-05,133.081039,231.370163,13.552154,167.607498,103.585373,120.890190,40.280930,296.805603,113.358780,141.108978
2021-02-08,133.226974,231.628098,14.397482,166.147003,103.371628,122.782661,42.014736,296.650146,113.008820,141.512283
2021-02-09,132.351181,232.869965,14.222482,165.250000,102.918877,122.292030,41.522659,301.488525,112.571350,142.670654
2021-02-10,131.747864,231.962433,14.722048,164.328995,103.468826,122.362137,41.924522,304.936615,112.177673,143.134003
2021-02-11,131.494843,233.557800,15.207158,163.106506,103.581398,122.020409,40.874779,304.634827,112.273926,142.490463
2021-02-12,131.728394,234.035446,14.918487,163.885498,103.892830,123.755157,41.432449,300.217194,111.652740,142.936661
2021-02-16,129.607056,232.803101,15.286431,163.447495,104.669891,126.734016,42.679039,296.906158,111.915207,141.641006
2021-02-17,127.320290,233.818008,14.863397,165.432007,105.062660,127.128296,43.343334,298.954987,112.387665,142.147263
2021-02-18,126.220673,233.425430,14.786616,166.411499,104.427406,127.557655,42.662640,300.372681,113.323769,142.215897
2021-02-19,126.376358,230.725342,14.883834,162.494995,103.584373,129.686676,42.949673,296.869568,111.215302,139.847656
2021-02-22,122.610481,224.540009,14.314716,159.037003,101.871040,130.904495,44.532505,299.668427,110.742859,139.761276
2021-02-23,122.474251,223.352737,14.101578,159.725006,102.161636,131.955887,45.147602,301.378693,111.565247,138.526642
2021-02-24,121.977951,224.578308,14.457557,157.976501,103.336411,134.277649,46.500801,303.848175,111.687752,140.382935
2021-02-25,117.735245,219.254669,13.269464,152.858002,99.971245,132.455276,45.729881,300.793396,110.742859,140.529724
2021-02-26,117.997978,222.500549,13.675302,154.646500,100.266792,128.941925,44.589912,303.857361,108.074478,136.817047
2021-03-01,124.352341,226.866684,13.802188,157.307007,102.634727,131.859467,46.254757,306.079895,108.739380,137.559601
2021-03-02,121.754173,223.927231,13.367932,154.726501,102.377846,131.430161,45.984119,306.070831,108.398170,137.300552
2021-03-03,118.776451,217.885468,12.768149,150.250000,99.746101,133.970978,46.353180,304.451874,107.750755,134.883011
2021-03-04,116.898361,217.090759,12.334894,148.878494,100.862877,131.912064,48.149235,305.311646,106.867126,132.163208
2021-03-05,118.153679,221.753708,12.425881,150.022995,103.993996,132.218735,49.969902,317.467010,110.217934,134.779404
2021-03-08,113.229805,217.722672,11.560115,147.597504,99.552208,133.970978,49.920700,320.274963,111.381531,135.901810
2021-03-09,117.832550,223.841003,12.488772,153.142502,101.181725,133.024765,49.149776,321.930389,110.392899,136.160843
2021-03-10,116.752434,222.538818,12.436905,152.882004,100.974937,135.916031,50.658798,319.753601,111.407768,137.412796
2021-03-11,118.679146,227.048630,12.960832,155.679504,104.166077,135.206360,50.281551,322.954773,111.031578,137.404175
2021-03-12,117.774155,225.727280,12.823677,154.474503,101.659782,136.809738,50.822823,326.782349,112.107681,137.801331
2021-03-15,120.654549,224.827209,13.158084,154.084000,101.879959,136.126297,49.527035,324.818085,112.475128,138.509338
2021-03-16,122.192039,227.603973,13.257833,154.593002,103.340408,134.496689,48.477283,325.478912,112.807594,139.329575
2021-03-17,121.403839,226.962418,13.307710,156.786499,103.257576,135.880981,48.690506,323.257751,112.352661,138.811523
2021-03-18,117.287621,220.911133,12.690516,151.399506,100.238533,138.123901,46.591007,332.317108,112.597626,138.552536
2021-03-19,116.762146,220.556870,12.813452,153.748001,100.517227,135.924789,46.328568,335.557312,111.993958,138.181229
2021-03-22,120.070694,225.957108,13.153097,155.543503,100.702202,132.271301,45.852901,336.732178,113.892426,138.578415
2021-03-23,119.243561,227.479477,13.037890,156.875000,101.229836,130.948303,45.287018,338.237457,116.009659,138.448929
2021-03-24,116.859436,225.449600,12.611214,154.353500,100.793442,131.964630,46.205551,340.165039,115.974670,139.795822
2021-03-25,117.345993,222.462234,12.503736,152.313004,100.789970,133.655609,46.074333,340.614777,116.779549,139.847626
2021-03-26,117.949318,226.426224,12.806973,152.601501,100.406647,135.880981,47.329121,345.562103,118.503090,142.403336
2021-03-29,118.124489,225.238968,12.915697,153.786499,101.451004,133.769485,47.074883,347.930237,120.357841,143.361755
2021-03-30,116.674583,221.993103,12.839388,152.764496,101.484734,135.346527,46.492592,342.881897,118.503090,142.472397
2021-03-31,118.864052,225.746414,13.314693,154.703995,102.280655,133.375214,45.787296,341.514313,118.485558,141.902573
2021-04-01,119.691193,232.046692,13.777027,158.050003,105.616081,134.671875,47.066673,336.924896,117.479492,140.590210
2021-04-05,122.513153,238.481003,13.952333,161.336502,110.038536,135.385742,46.336773,339.779449,119.377960,141.108261
2021-04-06,122.814819,237.322433,13.826652,161.190994,109.557495,134.433960,46.205551,334.446625,119.421715,141.073685
2021-04-07,124.459366,239.275711,14.107943,163.969498,111.033813,136.540253,46.410583,335.612335,119.631691,141.263672
2021-04-08,126.853172,242.483261,14.281006,164.964996,111.599136,136.707718,45.926716,334.923950,120.086624,140.711075
2021-04-09,129.422165,244.972748,14.363799,168.610001,112.602844,137.730026,45.820103,345.396942,119.307961,139.225998
2021-04-12,127.709526,245.030197,15.170764,168.969498,111.311028,137.439194,45.516651,345.378540,119.789162,139.562729
2021-04-13,130.813644,247.500488,15.640080,170.000000,111.797493,135.799973,45.688869,343.744751,118.205635,137.697708
2021-04-14,128.478271,244.723801,15.238593,166.649994,111.176620,133.261810,47.009274,344.781952,118.634308,138.077652
2021-04-15,130.881760,248.467545,16.096680,168.954498,113.325859,134.107880,46.730434,357.980957,120.069168,138.483459
2021-04-16,130.550980,249.654831,15.872496,169.972000,113.201889,135.103745,46.467995,358.898895,120.077881,140.080750
2021-04-19,131.212677,247.739883,15.323130,168.600494,113.549507,134.530914,46.320370,357.824921,119.517952,140.469315
2021-04-20,129.529221,247.280273,15.133110,166.734497,113.016426,131.552063,45.344429,363.965515,120.515312,143.741653
2021-04-21,129.908707,249.501617,15.321883,168.100998,112.983696,132.671341,45.926716,366.058289,119.727928,143.836609
2021-04-22,128.390701,246.236603,14.812917,165.451996,111.702782,129.877594,45.328022,363.974762,118.539261,142.619202
2021-04-23,130.706680,250.047394,15.226870,167.044006,114.053841,132.362900,45.574051,367.435089,117.931740,142.912766
2021-04-26,131.095917,250.430435,15.439087,170.449997,114.549751,132.688995,45.664280,363.350494,115.572037,141.703979
2021-04-27,130.774796,250.832565,15.343080,170.871506,113.610016,133.297089,46.262962,362.102203,115.501602,140.892380
2021-04-28,129.986572,243.737564,15.238342,172.925003,116.985123,134.160736,47.657162,362.184753,115.695305,139.856293
2021-04-29,129.889252,241.774734,15.286221,173.565506,118.657303,136.769440,48.337860,368.573181,116.672653,141.773041
2021-04-30,127.923569,241.458771,14.971766,173.371002,116.710396,135.553253,46.943661,366.049072,117.473885,140.503845
2021-05-03,128.974548,241.152359,14.799449,169.324493,116.193657,135.156616,48.239445,372.566040,118.865059,142.645126
2021-05-04,124.410713,237.255386,14.315168,165.593506,114.396011,137.024963,48.542892,377.559265,118.460022,144.855453
2021-05-05,124.653992,235.991577,14.422149,163.526993,114.789772,138.822845,50.002705,378.623993,117.509125,144.251083
2021-05-06,126.249878,239.112930,14.486487,165.318497,115.909508,141.616577,50.478378,380.891266,118.988312,144.829559
2021-05-07,126.922455,241.726852,14.775010,164.580505,116.632538,142.101288,51.200085,383.351074,118.997131,145.485718
2021-05-10,123.647293,236.671341,14.229885,159.524506,113.648201,142.083664,51.323109,386.324982,121.215950,147.013992
2021-05-11,122.731003,235.761703,14.270282,161.195496,112.572586,139.721771,49.691071,377.889679,120.617218,145.813812
2021-05-12,119.670296,228.839127,13.723909,157.597000,109.110703,138.761154,49.957325,372.079559,119.340492,145.226715
2021-05-13,121.814743,232.697784,13.630892,158.073502,110.538414,142.330399,49.341595,375.007629,121.259956,146.746338
2021-05-14,124.232124,237.600098,14.207191,161.145004,112.985176,144.542496,50.564735,376.145721,121.515274,146.970810
2021-05-17,123.081917,234.756393,14.129885,163.519501,113.507858,145.124146,51.746262,375.071777,121.268768,147.117599
2021-05-18,121.697762,232.745651,13.980513,161.613998,112.196190,143.079529,50.281826,376.678070,120.027290,147.169403
2021-05-19,121.541832,233.321457,14.030388,161.589996,112.644005,141.986725,49.075325,375.870392,120.273834,146.849930
2021-05-20,124.095665,236.546021,14.575766,162.384003,114.401962,141.739944,48.958836,375.080994,121.506500,147.704742
2021-05-21,122.263123,235.288849,14.954060,160.154007,113.766228,143.352722,49.025410,377.825470,121.506500,147.609802
2021-05-24,123.890961,240.672791,15.572752,162.249496,117.084312,144.128281,49.599541,377.201294,121.471291,148.174500
2021-05-25,123.696030,241.574860,15.608408,162.952499,117.175056,142.638901,48.476238,379.128784,121.885094,147.766159
2021-05-26,123.647293,241.354141,15.660531,163.257996,118.039902,142.621262,49.042046,379.275696,121.612144,146.888672
2021-05-27,122.116905,239.262009,15.449060,161.505493,117.165627,144.842148,48.725864,378.807617,118.847450,146.662766
2021-05-28,121.463837,239.617081,16.203661,161.153503,116.876518,144.745209,48.567772,378.091614,118.732948,147.044998
2021-06-01,121.142151,237.428940,16.223610,160.932495,118.083054,146.340363,50.306786,373.318665,116.998436,143.813080
2021-06-02,121.902473,237.333023,16.736063,161.699493,117.557884,146.349136,50.706184,372.520081,117.509125,144.395187
2021-06-03,120.420837,235.807098,16.927080,159.350494,116.416817,146.446106,50.905884,374.456909,119.613457,144.256180
2021-06-04,122.711510,240.682297,17.534056,160.311005,118.697479,146.684082,51.130539,372.327454,119.701515,144.195343
2021-06-07,122.721252,243.580612,17.574699,159.900497,119.130386,145.996643,50.797714,367.380066,120.115318,143.213623
2021-06-08,123.540039,242.390579,17.413109,163.205505,118.938965,145.415009,51.696342,368.747620,118.724144,141.953857
2021-06-09,123.920204,243.369492,17.318575,164.057495,119.410088,143.599518,52.129028,368.160187,118.680161,143.865189
2021-06-10,122.925957,246.872345,17.385180,167.482498,120.758438,141.360977,52.212227,368.518158,119.560623,145.159729
2021-06-11,124.134659,247.496216,17.784512,167.341507,120.513962,141.264053,51.729618,365.213928,118.741791,143.317871
2021-06-14,127.185623,249.415619,17.977568,169.193497,121.441788,138.866943,51.646420,366.379456,118.785835,143.674057
2021-06-15,126.366844,247.947220,17.747847,169.156494,120.424187,136.760590,53.526890,367.407593,118.556885,142.909546
2021-06-16,126.863976,247.006744,17.769543,170.762497,119.782501,137.721252,53.335510,364.626434,116.910393,142.857376
2021-06-17,128.462555,250.384842,18.614607,174.462006,120.745537,133.746552,51.579857,364.718140,117.975769,143.543747
2021-06-18,127.166130,248.974106,18.596149,174.345001,119.126419,130.362350,50.256870,358.702576,116.250023,140.728821
2021-06-21,128.959686,252.045135,18.385132,172.697998,120.813972,132.574448,52.079098,366.717285,117.165718,142.344803
2021-06-22,130.597260,254.809052,18.843584,175.272003,121.327736,132.380493,53.077576,367.288452,117.209732,142.153687
2021-06-23,130.324326,254.578705,19.013693,175.190994,121.125893,133.182541,53.468655,364.404999,117.042427,141.293564
2021-06-24,130.041702,255.941513,19.161606,172.453995,121.495834,134.407471,53.684982,367.454193,117.121712,141.936447
2021-06-25,129.749237,254.338837,18.987501,170.072998,121.504272,135.764740,53.801476,373.055420,118.794601,142.666245
2021-06-28,131.377075,257.889679,19.939325,172.194504,121.531555,136.011475,52.428562,369.840240,119.146812,142.501190
2021-06-29,132.887924,260.461700,19.980978,172.406998,121.270203,135.844086,52.104057,366.744934,118.336754,142.509857
2021-06-30,133.502045,259.981781,19.956787,172.007996,121.088707,137.077850,52.486809,368.900604,118.803429,143.126724
2021-07-01,133.804199,260.653625,20.165806,171.648499,121.440796,138.435059,52.636574,373.000122,119.076385,144.186661
2021-07-02,136.426285,266.459747,20.440174,175.548996,124.230736,138.302109,52.561695,377.118011,119.657463,146.810425
2021-07-06,138.434265,266.469452,20.651196,183.787003,125.155602,135.979767,51.063976,377.947174,119.727913,145.932938
2021-07-07,140.919876,268.647888,20.325193,184.828995,125.437263,136.139328,50.265186,379.236908,120.625999,147.184052
2021-07-08,139.623459,266.239075,19.857267,186.570496,124.018990,133.790405,50.040527,377.661682,120.608398,146.897339
2021-07-09,141.446243,266.738098,20.004419,185.966995,124.489601,138.071640,50.947479,379.651428,120.652420,147.479401
2021-07-12,140.851639,266.143097,20.465620,185.927505,125.934654,140.048309,50.897564,383.271881,120.749252,147.244858
2021-07-13,141.962875,269.655640,20.203720,183.867996,126.297646,137.965256,50.656269,385.575043,120.599602,147.062424
2021-07-14,145.384232,271.123871,19.796150,184.084000,127.185822,137.495483,49.532963,382.074219,121.488876,148.061539
2021-07-15,144.731171,269.703583,18.922901,181.559998,125.963905,137.796875,49.050373,386.966095,122.527855,146.280457
2021-07-16,142.693954,269.434845,18.119490,178.681503,125.929207,134.650238,47.694107,386.643646,123.716515,146.045898
2021-07-19,138.853409,265.845612,18.736830,177.479507,123.556808,130.271469,46.054924,376.841705,123.654892,144.985962
2021-07-20,142.459991,268.062561,18.569462,178.659500,125.174942,132.700165,46.562485,380.443634,122.994522,146.349976
2021-07-21,141.728912,270.058655,19.365637,179.259995,126.503464,135.492279,48.060211,381.982208,122.563065,147.253586
2021-07-22,143.093582,274.607635,19.549217,181.901505,127.368782,133.781540,47.519367,383.023224,122.093498,147.679276
2021-07-23,144.809113,277.995361,19.513300,182.832001,131.924652,133.524490,47.461132,384.801239,123.856651,149.251801
2021-07-26,145.228302,277.400330,19.249905,184.990997,132.936279,134.419739,48.659302,380.968872,124.290817,149.321304
2021-07-27,143.064362,274.991577,19.164101,181.319504,130.818787,134.242493,48.118454,382.405975,124.795845,150.007690
2021-07-28,141.319519,274.684418,19.458424,181.516006,134.978409,134.464081,48.442955,376.943024,122.944054,149.590637
2021-07-29,141.962875,274.953125,19.617062,179.996002,134.664490,135.616364,49.033726,379.623779,123.582008,149.590637
2021-07-30,142.177338,273.427124,19.454437,166.379501,133.622116,134.534988,47.902115,379.752777,126.018532,149.608002
2021-08-02,141.845886,273.340881,19.704859,166.574005,133.749069,133.994293,47.910446,382.838959,125.708466,149.668808
2021-08-03,143.639435,275.548065,19.769712,168.311996,134.518219,135.518875,48.426323,388.670319,127.542473,151.510666
2021-08-04,143.239777,274.962677,20.227665,167.735992,134.017838,134.056335,47.294701,388.338806,126.195763,150.615814
2021-08-05,143.347015,277.851379,20.589834,168.799500,135.134628,135.749344,47.594261,378.803925,126.257767,150.902512
2021-08-06,142.663651,277.793762,20.319454,167.246994,134.625793,139.605087,48.143421,382.424347,125.292023,150.398590
2021-08-09,142.614838,276.709290,20.248619,167.093506,135.790665,139.454437,47.594261,378.509094,125.974266,150.919861
2021-08-10,142.136536,274.895538,19.890440,166.033997,135.685562,141.165115,48.409679,379.347473,126.054001,150.972031
2021-08-11,142.390350,275.385010,19.653982,164.605499,135.161896,142.849258,48.551128,375.625671,126.364082,150.998077
2021-08-12,145.348267,278.129761,19.859507,165.175003,136.069382,143.407623,48.441319,373.985779,126.656525,152.214417
2021-08-13,145.553284,281.047180,20.141861,164.698502,136.598511,141.803284,47.951424,377.403625,127.267868,153.126633
2021-08-16,147.525223,282.726593,19.904404,164.949493,137.175751,140.872604,47.250351,384.349670,128.153839,154.508026
2021-08-17,146.617340,281.267914,19.413528,162.098007,135.541260,139.170731,46.929386,388.559845,128.366501,155.924225
2021-08-18,142.878448,279.546814,18.996487,160.061005,134.338684,137.903275,45.941116,384.451050,126.966553,153.943329
2021-08-19,143.210312,285.354401,19.752754,159.387497,134.567810,136.750946,44.538994,394.188568,128.464005,155.142273
2021-08-20,144.664886,292.652496,20.768423,159.997498,136.302963,137.140945,44.547443,395.865234,128.552567,155.898163
2021-08-23,146.148727,292.931244,21.907814,163.293503,138.893555,138.896011,46.380344,391.857910,127.896919,155.225220
2021-08-24,146.060867,290.979370,21.743193,165.289001,140.103561,139.755768,46.760448,390.061462,126.860268,153.284973
2021-08-25,144.830856,290.392883,22.162230,164.959000,140.914337,142.636505,46.844913,386.680450,126.408440,152.271164
2021-08-26,144.030380,287.585144,22.017563,165.800003,140.281067,143.372238,46.211411,384.018158,126.186905,151.458405
2021-08-27,145.065170,288.190948,22.584265,167.481506,142.823563,144.524521,47.106762,385.777740,126.089417,151.134964
2021-08-30,149.477646,291.912109,22.636143,171.078506,143.405228,142.211075,46.591518,385.354004,126.638756,151.773010
2021-08-31,148.218307,290.267944,22.337784,173.539505,143.511353,141.776733,46.050938,383.483795,126.160309,151.309814
2021-09-01,148.882080,290.219849,22.393661,173.949997,144.025131,141.572845,45.417435,384.478668,127.445045,151.842911
2021-09-02,149.995026,289.565979,22.348755,173.156006,142.112457,142.228775,46.523941,390.337860,127.542473,152.882935
2021-09-03,150.629593,289.556305,22.794809,173.902496,142.561234,141.369003,46.346561,389.554779,127.631119,152.979065
2021-09-07,152.962753,288.633240,22.614195,175.464493,143.097794,141.120834,46.076275,388.062347,127.152657,150.601913
2021-09-08,151.420273,288.661987,22.291882,176.274994,142.513138,140.491470,45.653946,382.673126,128.118439,150.234863
2021-09-09,150.405029,285.816010,22.130215,174.207993,142.364380,141.103073,45.687733,381.899231,127.577957,146.887512
2021-09-10,145.426361,284.335205,22.430586,173.457504,139.721191,139.481018,45.594826,373.403381,127.702026,145.926178
2021-09-13,145.992538,285.565857,22.105268,172.858505,141.165756,141.696960,46.768894,383.211975,129.075333,144.903625
2021-09-14,144.596558,288.258240,22.195078,172.500000,141.376038,139.223984,46.101624,381.381561,128.853790,144.029663
2021-09-15,145.484894,293.094818,22.293875,173.789505,143.245575,140.190125,47.655792,385.985535,128.579178,144.571548
2021-09-16,145.250595,293.479340,22.195078,174.412003,142.432816,140.128067,47.148994,385.356812,127.684288,144.396729
2021-09-17,142.585556,288.335144,21.853800,173.126007,139.645828,139.764664,46.591518,388.426025,127.888069,143.985977
2021-09-20,139.539810,282.979492,21.068462,167.786499,137.582382,135.580933,45.349861,381.529510,126.603310,143.164474
2021-09-21,140.018127,283.460205,21.201183,167.181503,137.893295,135.598633,45.307629,381.196747,126.798218,143.793671
2021-09-22,142.380615,287.094757,21.894712,169.002502,139.133545,138.195740,46.633751,377.831665,127.232384,143.269287
2021-09-23,143.337250,288.037140,22.434570,170.800003,140.058426,142.866974,48.213257,377.212189,127.755150,144.082123
2021-09-24,143.425125,287.835236,22.034418,171.276001,141.049210,144.515640,48.644039,376.334015,127.188110,143.645111
2021-09-27,141.911987,282.854401,21.614307,170.289993,139.915604,148.008011,50.088413,374.660767,125.513527,142.605118
2021-09-28,138.534286,272.614075,20.655329,165.798004,134.716568,147.210251,50.612103,368.512939,124.565475,142.290512
2021-09-29,139.432388,273.075653,20.473717,165.056000,133.252182,147.095016,50.578320,370.167725,125.832474,143.347992
2021-09-30,138.134033,271.075684,20.672302,164.251999,132.580215,145.091843,49.682983,361.228119,123.865517,141.145538
2021-10-01,139.256683,277.979492,20.698244,164.162994,135.423721,148.140991,51.465214,362.790436,123.670609,140.245392
2021-10-04,135.830215,272.219788,19.690378,159.488998,132.563858,147.981384,52.132492,357.779877,122.970634,139.152939
2021-10-05,137.753342,277.652527,20.407854,161.050003,134.907990,150.397980,52.048027,363.714935,123.449097,139.467621
2021-10-06,138.622147,281.835236,20.656330,163.100494,136.437363,150.719009,51.093563,364.473053,125.097092,139.755966
2021-10-07,139.881439,283.508331,21.030542,165.121506,138.083755,151.673157,51.237156,374.133728,126.098282,141.005737
2021-10-08,139.500732,283.508331,20.787056,164.431000,138.639664,151.789047,52.521038,377.609680,125.575569,140.647385
2021-10-11,139.412857,282.912170,20.651342,162.315002,137.775284,148.596695,51.997349,374.401855,126.098282,140.053131
2021-10-12,138.143799,281.614075,20.627394,162.366501,135.330505,147.455292,51.727058,372.783936,125.912254,137.815781
2021-10-13,137.558060,284.912140,20.894825,164.214005,136.454208,143.567352,51.583469,373.070587,126.204636,139.135437
2021-10-14,140.340286,291.104401,21.700121,164.992996,139.993958,145.769913,52.368999,388.610901,127.631119,139.930786
2021-10-15,141.394608,292.508209,21.815878,170.451004,140.209183,148.569931,52.867340,395.738586,127.958946,140.970779
2021-10-18,143.063919,295.469727,22.175121,172.337006,141.607605,148.516403,52.842007,392.549225,126.116020,139.939514
2021-10-19,145.221375,296.373657,22.242979,172.207504,142.062866,150.317764,53.635986,392.327332,124.627510,143.216888
2021-10-20,145.709427,295.585083,22.056372,170.753006,140.606888,152.341904,53.931629,402.228424,125.114830,143.138214
2021-10-21,145.924240,298.806335,22.644129,171.750504,140.722931,151.147034,52.951820,408.875366,124.214386,142.806122
2021-10-22,145.153046,297.267853,22.678057,166.777496,136.438843,153.180145,53.315018,415.235718,125.551643,143.085770
2021-10-25,145.104187,296.277496,23.117130,166.018494,136.320328,152.431091,54.353947,415.540802,125.569489,143.400406
2021-10-26,145.768066,298.181213,24.664856,168.803497,138.166565,152.841248,55.612495,420.301849,127.352516,144.859940
2021-10-27,145.309235,310.738953,24.399418,169.624496,145.018921,149.657837,54.168129,419.229431,126.443146,143.103256
2021-10-28,148.940765,311.873627,24.888386,172.328506,144.653458,151.913910,54.320168,421.041473,127.200974,142.325439
2021-10-29,146.236633,318.863831,25.513062,168.621506,146.832443,151.494766,54.455315,425.691528,127.477333,142.351654
2021-11-01,145.416595,316.700439,25.772516,165.905502,142.320709,151.414536,55.435127,419.811829,127.165260,142.474030
2021-11-02,146.451370,320.315796,26.345303,165.637497,144.240356,152.011993,54.750946,417.898163,128.431244,144.720078
2021-11-03,147.886429,321.152283,26.541891,169.199997,145.396317,152.065475,53.999199,422.788696,129.313828,144.256897
2021-11-04,147.369034,323.498505,29.738134,173.850006,147.052109,150.068039,54.404644,422.261688,129.554535,143.854889
2021-11-05,147.896942,323.133026,29.689234,175.949493,147.631805,149.854019,54.919880,421.383392,130.196411,142.832336
2021-11-08,147.075729,324.027283,30.739016,174.449005,147.809372,150.754684,55.511127,427.679108,129.224670,142.342911
2021-11-09,147.437454,323.027374,30.592325,178.811493,147.697769,149.613251,56.051727,429.278442,129.616943,142.028259
2021-11-10,144.612091,318.075348,29.396854,174.102493,144.697571,149.470581,54.947460,425.164551,130.891785,143.566483
2021-11-11,144.563171,319.642670,30.325886,173.625000,144.571609,149.461655,55.050186,422.844147,130.517380,142.508957
2021-11-12,146.635757,323.767700,30.325886,176.257507,147.459259,148.792831,54.630741,424.323242,130.660019,144.213196
2021-11-15,146.645569,323.142731,29.961662,177.283997,147.235092,148.525345,55.101547,416.751831,131.408920,142.910980
2021-11-16,147.623230,326.450409,30.139288,177.035004,146.663834,147.455292,55.657959,415.660950,131.221680,142.168121
2021-11-17,150.057510,326.671936,29.199270,177.449997,146.833420,146.661652,55.050186,415.041595,131.141449,142.701218
2021-11-18,154.339584,328.743042,31.608181,184.802994,148.610229,145.395416,54.450981,415.522308,131.159225,141.932144
2021-11-19,156.959641,330.515503,32.915409,183.828506,147.705719,143.496017,51.934299,406.767548,130.891785,142.360382
2021-11-22,157.419098,327.355835,31.888584,178.628494,145.102737,146.554657,52.653355,404.493439,131.765503,140.486633
2021-11-23,157.800400,325.284851,31.679033,179.001999,144.586990,150.059097,54.040096,413.359039,133.227570,141.357529
2021-11-24,158.318558,325.506317,32.605068,179.020493,144.922211,148.882050,54.339691,416.160248,132.532211,140.961685
2021-11-26,153.303284,317.578461,31.436541,175.227997,141.017502,144.396683,52.430786,406.684387,131.471283,140.046783
2021-11-29,156.656570,324.273315,33.305592,178.078506,144.337555,143.772446,52.721844,417.861206,132.853134,140.530655
2021-11-30,161.603424,318.455078,32.607067,175.353500,140.734344,141.632324,51.223808,410.668884,128.894821,137.170197
2021-12-01,161.085236,317.963806,31.372528,172.186005,139.895279,140.794113,51.181011,410.779755,130.517380,139.061554
2021-12-02,160.097824,317.395416,32.062164,171.867996,141.794052,143.754623,52.456467,412.332855,131.284058,138.190659
2021-12-03,158.220764,311.153290,30.632000,169.489502,140.837479,141.150818,52.122631,416.738495,133.619858,140.205170
2021-12-06,161.622955,314.216644,29.977308,171.368500,141.981522,142.818314,52.713272,426.746002,135.643570,143.336853
2021-12-07,167.351913,322.626099,32.362545,176.164505,146.062302,144.967407,53.303921,431.031006,135.286942,143.706314
2021-12-08,171.164719,322.674286,31.762747,176.158005,146.971786,143.308762,53.458004,434.861511,135.893219,144.568405
2021-12-09,170.656326,320.872986,30.429403,174.171005,146.428284,143.085846,53.594967,438.998138,136.686615,145.940704
2021-12-10,175.436981,329.966461,30.137985,172.212006,146.788269,142.515137,53.937374,443.552124,138.594467,145.580063
2021-12-13,171.809937,326.941711,28.105030,169.567505,144.631149,140.820877,52.756073,443.468628,140.564713,148.183990
2021-12-14,170.431473,316.287720,28.280682,169.091507,142.727341,141.899872,52.679039,444.692902,141.081818,149.802582
2021-12-15,175.290314,322.365997,30.398470,173.315002,145.240570,140.838684,52.447910,458.531006,141.625626,150.550339
2021-12-16,168.407730,312.973938,28.330584,168.871002,143.260956,143.041245,52.533512,457.121185,143.631546,152.195328
2021-12-17,167.312790,311.914276,27.745750,170.017502,140.563248,139.786453,51.386448,451.797424,140.377502,147.990417
2021-12-20,165.953873,308.167084,27.663912,167.078995,140.446228,137.271805,50.641724,448.653320,140.734100,147.568176
2021-12-21,169.121445,315.276184,29.017220,170.417007,142.296432,139.189011,51.788776,451.880890,140.644958,147.093155
2021-12-22,171.712189,320.969360,29.341572,171.037003,145.214798,139.732971,52.208221,458.299194,142.035736,147.726471
2021-12-23,172.337875,322.404633,29.581093,171.068497,145.712204,140.232346,52.233910,459.458466,142.731094,148.008011
2021-12-27,176.297302,329.879730,30.883501,169.669495,146.694077,141.034882,52.978642,463.279785,144.398254,149.257172
2021-12-28,175.280533,328.723785,30.261740,170.660995,145.484573,141.462921,52.807438,466.470276,145.173828,149.855347
2021-12-29,175.368530,329.398071,29.941378,169.201004,145.452835,141.391556,52.345192,468.918854,146.377350,150.910980
2021-12-30,174.214920,326.864655,29.527199,168.644501,145.002045,141.320236,52.037033,467.852295,145.111435,151.579529
2021-12-31,173.599045,323.974701,29.352552,166.716995,143.664642,141.204315,52.379429,465.728363,145.833542,150.488724
2022-01-03,177.939728,322.462433,30.061138,170.404495,143.802979,144.191574,54.391060,465.858124,145.227356,150.902222
2022-01-04,175.681396,316.933044,29.231789,167.522003,143.215836,149.657837,56.436932,455.303375,145.735489,150.497559
2022-01-05,171.008255,304.766632,27.549139,164.356995,136.645645,146.921753,57.138859,454.181061,146.395218,151.500397
2022-01-06,168.153564,302.358429,28.121998,163.253998,136.618347,148.482697,58.482803,435.594330,145.164886,150.981354
2022-01-07,168.319763,302.512573,27.192850,162.554001,135.893845,149.953873,58.962162,425.345520,145.084702,153.022232
2022-01-10,168.339340,302.734070,27.345547,161.485992,137.532776,150.097412,58.611206,431.281464,143.105515,152.265701
2022-01-11,171.164719,303.418152,27.761717,165.362000,138.590546,150.249908,61.076534,434.991394,141.447357,150.647079
2022-01-12,171.604599,306.587402,27.943352,165.207001,140.271164,151.102112,60.896755,439.369049,141.759354,149.362701
2022-01-13,168.339340,293.611694,26.522186,161.214005,137.450974,150.913727,60.460190,433.535248,141.117462,148.456650
2022-01-14,169.199631,298.813538,26.888456,162.138000,138.337143,141.638046,61.521645,434.703857,142.472565,147.647324
2022-01-18,166.002777,291.540680,25.851522,158.917496,134.883194,135.699478,62.557430,427.562195,139.726730,146.996384
2022-01-19,162.512589,292.195618,25.017183,156.298996,134.008926,133.600311,62.583099,428.981232,144.424957,146.538925
2022-01-20,160.831100,290.529205,24.102003,151.667496,132.214737,132.461060,62.720055,429.426422,145.204758,145.368958
2022-01-21,158.778046,285.163635,23.327543,142.643005,129.282974,130.146622,61.778450,427.729126,145.760483,145.034653
2022-01-24,158.005692,285.491180,23.325546,144.544006,129.731781,130.029999,62.309170,428.749359,144.577362,143.363251
2022-01-25,156.206863,277.900421,22.279633,139.985992,125.894485,131.447372,64.141052,423.713135,142.999802,147.462585
2022-01-26,156.118866,285.818695,22.726742,138.872498,128.173645,132.694275,63.490482,425.187866,141.753876,148.122345
2022-01-27,155.659393,288.833801,21.900391,139.637497,127.947517,130.352966,64.303696,428.127991,142.632309,150.066467
2022-01-28,166.520920,296.944733,22.794607,143.977997,132.257874,131.519150,64.440643,432.264496,143.860275,151.122116
2022-01-31,170.871414,299.564911,24.437340,149.573502,134.194397,133.304306,65.022736,438.302551,143.815460,151.561951
2022-02-01,170.705215,297.426331,24.589035,151.193497,136.515686,135.591797,69.191536,434.444122,143.179108,150.321579
2022-02-02,171.907715,301.953827,25.191833,150.612503,146.786819,134.506393,69.011757,444.989746,145.742569,151.984222
2022-02-03,169.033432,290.192017,23.900404,138.845505,141.917068,133.394012,68.207115,453.327850,147.122879,151.975403
2022-02-04,168.749603,294.709930,24.270668,157.639496,142.118378,136.856659,69.688011,448.133911,144.783478,150.981354
2022-02-07,168.035019,289.903076,24.678860,157.935501,138.059937,137.314178,70.526901,448.625427,143.698944,150.479980
2022-02-08,171.138062,293.380554,25.058105,161.413498,138.256317,139.897736,68.703590,457.631317,143.376266,150.875824
2022-02-09,172.557434,299.786377,26.651928,161.189499,140.431335,140.480865,68.374702,461.981232,143.053589,150.858200
2022-02-10,168.485291,291.280548,25.772680,159.003494,137.483688,139.897736,67.716911,451.426483,140.875519,149.037262
2022-02-11,165.078781,284.209991,23.901403,153.293503,133.181763,138.076691,69.421967,443.459351,140.086761,147.532974
2022-02-14,165.313690,284.171539,24.218773,155.167007,134.415070,136.793884,68.357407,439.999786,140.490067,145.676834
2022-02-15,169.141129,289.440643,26.442348,156.510498,135.488678,138.794327,67.500565,443.552124,140.561829,147.181091
2022-02-16,168.906189,289.102875,26.458313,158.100494,136.608932,139.045547,67.812134,445.240143,141.628418,147.093155
2022-02-17,165.313690,280.637329,24.458298,154.652496,131.452530,135.842957,67.708267,436.234192,143.250793,146.195862
2022-02-18,163.767059,277.934479,23.595015,152.601501,129.334045,136.479904,66.955276,433.887604,143.322479,144.628784
2022-02-22,160.850021,277.731812,23.343519,150.197495,128.749405,136.237701,66.176331,428.972015,141.556732,142.663330
2022-02-23,156.689758,270.540405,22.342512,144.826996,126.542122,133.384995,66.444633,426.291565,139.790970,142.734131
2022-02-24,159.303345,284.363312,23.700806,151.358002,131.603287,129.671158,65.605103,422.832062,136.026398,140.007324
2022-02-25,161.368820,286.988861,24.108992,153.788498,133.357300,132.739136,67.370720,441.251892,141.834595,146.966080
2022-02-28,161.633102,288.417450,24.336538,153.563004,133.949905,127.204239,67.872719,441.363251,139.728226,145.700089
2022-03-01,159.753677,284.710785,23.430338,151.141998,132.962555,122.404900,68.521851,441.715637,137.415680,145.195419
2022-03-02,163.042679,289.768860,24.175982,152.052505,133.468399,124.943619,69.698921,450.183685,137.845917,147.001511
2022-03-03,162.719650,285.647125,23.670908,147.898499,132.801895,124.055504,70.140320,451.305847,138.356842,149.161728
2022-03-04,159.724304,279.797455,22.894320,145.641006,130.825226,120.565918,72.780098,462.491394,139.056015,150.047043
2022-03-07,155.936005,269.227631,21.313198,137.453003,125.342537,115.910164,75.402588,451.565674,136.994446,152.464035
2022-03-08,154.115265,266.273834,21.474905,136.014496,126.062592,115.093803,75.973801,439.127991,131.571640,149.374207
2022-03-09,159.508926,278.484741,22.972179,139.279007,132.326309,119.704727,71.654953,450.359894,133.346375,149.940826
2022-03-10,155.172470,275.675690,22.616825,146.817505,131.343964,118.287384,73.879295,455.804199,129.913452,150.206421
2022-03-11,151.462494,270.347412,22.059839,145.524506,128.805939,115.623093,73.498482,449.180939,128.371780,149.931976
2022-03-14,147.439316,266.843323,21.291235,141.852997,124.918549,116.771317,70.867340,453.878601,130.012039,152.003647
2022-03-15,151.814926,277.181580,22.931248,147.366501,128.138931,118.843552,66.834129,463.171631,134.690903,155.943436
2022-03-16,156.219849,284.170227,24.451481,153.104004,132.187973,124.154190,66.583122,463.497223,134.233719,154.509186
2022-03-17,157.228119,284.971497,24.720993,157.238998,132.741882,125.724060,68.357407,471.645996,134.654999,156.527725
2022-03-18,160.517151,290.000549,26.404926,161.250504,135.009628,125.679230,68.089081,470.808777,134.583298,154.792496
2022-03-21,161.887650,288.774658,26.685417,161.491501,134.985840,125.275520,71.144318,472.241394,135.094208,155.668945
2022-03-22,165.254944,293.504578,26.475796,164.889008,138.721451,127.939812,70.832748,470.064606,136.133957,154.934158
2022-03-23,166.615601,289.093140,25.587416,163.408005,137.141998,125.392136,71.949226,468.120453,135.183853,154.349808
2022-03-24,170.394104,293.543121,28.098843,163.649506,140.411514,126.208466,72.165604,477.636780,135.416901,155.146591
2022-03-25,171.030380,293.137726,27.641674,164.773499,140.511673,127.311874,73.740814,477.236755,136.985443,156.633972
2022-03-28,171.891800,299.914032,28.167715,168.990494,140.295975,126.369957,71.672264,477.394867,137.926590,157.439606
2022-03-29,175.180847,304.460510,28.603926,169.315002,141.337341,126.648048,71.291451,475.097168,139.342789,157.359955
2022-03-30,174.015991,302.964417,27.639679,166.300995,140.774979,126.073929,72.511818,484.483246,138.383698,158.997818
2022-03-31,170.922699,297.606964,27.236412,162.997498,137.927551,122.288307,71.481865,474.390198,136.958542,156.908417
2022-04-01,170.629059,298.678497,26.663454,163.559998,139.001648,121.382271,71.940582,476.827423,139.011139,157.758377
2022-04-04,174.671844,304.035767,27.310278,168.346497,141.799545,121.920479,71.975197,474.436676,138.105865,156.235580
2022-04-05,171.363174,300.087799,25.883873,164.054993,139.438538,120.501678,71.603027,481.636719,138.589905,157.244843
2022-04-06,168.201416,289.102875,24.362644,158.755997,135.428680,118.829803,72.399292,494.650696,140.570740,161.335083
2022-04-07,168.504822,290.907898,24.164007,157.784500,134.774582,118.468307,73.611000,499.487793,142.390335,160.919022
2022-04-08,166.498169,286.660645,23.076986,154.460495,132.194916,120.637230,75.160240,507.869202,143.501724,161.237732
2022-04-11,162.249786,275.357239,21.877169,151.121994,127.767494,120.194405,72.572395,499.943726,142.954987,159.219162
2022-04-12,164.119476,272.268250,21.464914,150.787506,126.667595,118.874962,74.087029,496.473877,142.524750,159.272293
2022-04-13,166.801590,277.635223,22.162651,155.541000,128.829254,115.043221,75.134285,499.534363,142.928101,159.945145
2022-04-14,161.799500,270.115631,21.219366,151.706497,125.691177,113.976837,76.017097,497.506561,142.130402,159.272293
2022-04-18,161.584183,270.781738,21.743412,152.785004,126.629906,116.091530,76.640259,496.818115,140.776932,157.289154
2022-04-19,163.864944,275.395844,22.157658,158.115494,128.943283,118.495407,75.956505,500.185608,142.883286,162.087677
2022-04-20,163.698517,276.418945,21.442961,153.998001,126.990425,118.911118,76.129616,507.915680,146.683701,162.804779
2022-04-21,162.905640,271.061676,20.146320,148.296005,123.791351,117.989334,75.324699,499.943726,146.569244,162.335556
2022-04-22,158.373444,264.517029,19.479532,144.350006,118.654816,114.600388,73.680229,484.594849,145.343369,160.724243
2022-04-25,159.440399,270.974823,19.865835,146.074005,122.065125,114.564232,71.196236,487.692596,146.515137,164.681671
2022-04-26,153.488785,260.839264,18.753857,139.391006,117.677399,111.175308,71.222221,477.934448,144.027405,163.504211
2022-04-27,153.263687,273.388000,18.381533,138.167007,113.357597,109.729347,73.256142,477.962311,143.639832,161.220032
2022-04-28,160.184372,279.575500,19.746050,144.596497,117.550949,111.464485,75.471832,487.832092,147.290314,162.424103
2022-04-29,154.320847,267.885864,18.513294,124.281502,113.174110,107.867706,73.784096,473.069305,144.712418,159.768082
2022-05-02,154.624298,274.594543,19.497503,124.500000,115.627335,108.852745,74.788086,466.185516,142.756531,158.156769
2022-05-03,156.112213,271.998047,19.566376,124.253502,116.372192,111.184334,76.328682,464.762299,140.800583,157.846909
2022-05-04,162.514099,279.913330,20.297047,125.928497,121.258804,114.862465,79.366577,472.204132,141.837112,159.537903
2022-05-05,153.459442,267.721771,18.809757,116.406998,115.550484,111.988655,78.163536,460.204193,139.223190,156.492340
2022-05-06,154.184860,265.192688,18.641060,114.772499,114.797707,111.807899,79.357941,464.762299,140.611298,156.147003
2022-05-09,149.067581,255.395050,16.919197,108.789001,111.588715,110.127014,73.100349,452.483368,140.259766,156.996933
2022-05-10,151.469406,260.144287,17.563025,108.859001,113.457275,107.442955,73.585022,453.962372,139.520615,156.784500
2022-05-11,143.617004,251.504990,16.599775,105.372002,112.671272,106.765160,75.116966,452.232056,137.555695,155.934555
2022-05-12,139.754517,246.485504,16.145603,106.930496,111.918983,106.674797,75.457977,445.394867,136.996857,157.475037
2022-05-13,144.215012,252.055176,17.673824,113.055000,115.099205,107.623703,77.696365,451.534393,138.466064,156.572006
2022-05-16,142.675903,252.421982,17.232622,110.810501,113.506866,106.873627,79.523781,455.087952,139.818100,157.660995
2022-05-17,146.303101,257.557312,18.143965,115.368500,115.518242,110.416199,80.538055,458.167023,139.421478,158.316116
2022-05-18,138.048798,245.830826,16.907213,107.112503,110.982246,108.527397,79.261467,438.492584,130.732468,155.376785
2022-05-19,134.647079,244.921341,17.092878,107.319000,109.479164,106.918777,79.689919,445.162323,127.721939,153.995697
2022-05-20,134.882339,244.360199,16.663660,107.591003,108.015259,106.042191,80.319458,451.841431,127.803024,156.687119
2022-05-23,140.293701,252.187500,16.867287,107.556999,110.574112,112.603180,82.094429,457.748444,130.741470,159.885910
2022-05-24,137.597870,251.190933,16.124641,104.099998,105.101341,114.193718,82.540352,462.846100,133.066956,161.632278
2022-05-25,137.754684,253.996841,16.944155,106.775002,104.937698,114.988983,84.201653,463.339050,130.885681,160.046280
2022-05-26,140.950562,257.267029,17.818560,111.077499,106.908913,116.977188,84.498932,467.190277,132.030396,159.903717
2022-05-27,146.695236,264.368713,18.776819,115.146500,111.395813,118.630974,85.329582,471.729736,134.049408,161.356049
2022-05-31,145.910934,263.043213,18.638071,120.209503,112.829460,119.498543,83.939331,462.120483,133.292282,159.966095
2022-06-01,145.783539,263.575317,18.286707,121.683998,112.958412,117.401901,85.548180,458.185608,131.273254,158.344406
2022-06-02,148.234344,265.665283,19.556393,125.511002,116.658318,119.290672,85.399544,457.915833,132.688400,157.845413
2022-06-03,142.519043,261.253265,18.685978,122.349998,113.602074,117.627838,86.641144,451.729767,131.498596,157.194992
2022-06-06,143.264099,260.024567,18.751856,124.790001,115.862900,117.239243,86.422531,455.980927,130.984833,157.177170
2022-06-07,145.783539,263.652832,18.891607,123.000000,116.189186,117.546524,90.383430,462.418152,132.445007,158.905746
2022-06-08,145.048279,261.630737,18.618042,121.180000,116.233330,115.675804,91.450157,459.097168,130.795532,157.961243
2022-06-09,139.832977,256.193146,18.019011,116.150002,113.894165,113.244820,89.474091,455.283295,128.434006,154.780304
2022-06-10,134.431412,244.776199,16.946741,109.650002,110.250275,108.039406,87.839027,450.818207,127.947235,153.746674
2022-06-13,129.284729,234.394592,15.621864,103.669998,105.520378,104.822182,83.808189,436.929779,124.522102,152.196304
2022-06-14,130.147369,236.552185,15.810563,102.309998,105.840729,103.077995,84.026779,429.534485,120.637260,149.861847
2022-06-15,132.764832,243.586151,16.500450,107.669998,108.864738,104.298035,82.968803,431.934357,119.438461,151.465698
2022-06-16,127.500534,237.016586,15.575939,103.660004,105.164322,102.508667,79.908508,425.782349,120.168579,151.545883
2022-06-17,128.971024,239.609573,15.854491,106.220001,106.265213,102.147163,75.300591,422.020203,119.303268,150.993454
2022-06-21,133.196228,245.501892,16.539385,108.680000,110.629639,104.677574,79.987213,448.402252,122.917694,154.156570
2022-06-22,132.686462,244.911682,16.333721,108.949997,110.573616,104.090164,76.821983,457.140289,124.837585,156.589081
2022-06-23,135.548965,250.455627,16.198936,112.440002,111.321922,102.951469,74.504913,466.597107,128.262726,160.081940
2022-06-24,138.872284,259.008667,17.098490,116.459999,117.007927,106.024124,75.982582,462.704285,130.110519,162.425293
2022-06-27,138.872284,256.289886,16.841898,113.220001,114.883995,105.174622,77.844986,472.058411,129.119034,162.273849
2022-06-28,134.735291,248.152939,15.956327,107.400002,111.089348,104.668541,80.004684,474.653687,127.018837,157.658310
2022-06-29,136.490112,251.810211,15.517035,108.919998,110.785851,104.198593,77.049316,481.440582,128.172562,157.702866
2022-06-30,134.029465,248.491547,15.134648,106.209999,108.069809,101.767624,74.880890,479.498688,129.605774,158.166199
2022-07-01,136.195953,251.152222,14.499671,109.559998,107.846153,103.068970,76.550941,483.018311,131.696869,159.957184
2022-07-05,138.774185,254.316116,14.939960,113.500000,112.334549,102.676918,74.155151,471.666290,130.425980,158.727524
2022-07-06,140.107437,257.566986,15.105696,114.330002,113.632828,102.011375,72.817390,481.048431,131.642807,158.870148
2022-07-07,143.469986,259.685913,15.832526,116.330002,117.809296,104.591515,75.143204,480.198944,131.597748,159.048309
2022-07-08,144.146378,258.969910,15.812558,115.540001,118.375130,104.263298,75.265602,484.166534,130.714417,158.852280
2022-07-11,142.019058,255.922211,15.127662,111.750000,114.728264,102.895744,74.880890,482.598145,131.633789,158.914658
2022-07-12,142.989578,245.434128,15.057775,109.220001,113.085854,102.996025,73.884109,480.236206,130.471039,156.687103
2022-07-13,142.626892,244.514999,15.139641,110.400002,110.440712,102.029610,74.181404,467.932159,131.327332,156.321777
2022-07-14,145.548248,245.830826,15.347309,110.629997,109.462784,98.464828,72.694962,469.042999,130.939774,156.535614
2022-07-15,147.214783,248.385101,15.736682,113.550003,110.861229,102.977776,73.919083,494.547546,130.759491,158.807755
2022-07-18,144.175797,245.995300,16.075138,113.760002,108.136246,101.920212,75.283096,484.857330,129.173096,155.243637
2022-07-19,148.028442,251.103943,16.964706,118.209999,112.877075,104.445641,77.180481,498.001770,129.831085,152.980423
2022-07-20,150.028305,253.754929,17.778397,122.769997,112.966339,104.427406,78.028618,484.950623,127.586739,152.107193
2022-07-21,152.292877,256.241486,18.021002,124.629997,113.402725,105.138557,76.725800,487.742004,127.707375,152.641846
2022-07-22,151.057632,251.906876,17.291178,122.419998,107.015526,104.627991,76.139984,486.761810,129.748596,153.363571
2022-07-25,149.940094,250.426620,16.996653,121.139999,106.628716,105.047379,78.675652,494.286163,130.628601,153.666519
2022-07-26,148.616623,243.721619,16.506445,114.809998,104.159111,103.406288,78.369606,496.265381,130.882584,154.753586
2022-07-27,153.704498,260.014801,17.761421,120.970001,112.133224,105.065613,80.065895,499.084564,132.125473,154.325882
2022-07-28,154.253494,267.435852,17.955111,122.279999,113.283722,104.673576,81.001450,505.507416,134.320908,155.216919
2022-07-29,159.311981,271.625275,18.133821,134.949997,115.366493,105.175026,84.752518,506.301086,126.019974,155.502045
2022-08-01,158.331619,268.983917,18.411379,135.389999,113.918472,104.126549,82.610321,499.803375,129.639709,154.958527
2022-08-02,156.861145,265.897522,18.496239,134.160004,114.186249,102.503700,82.251808,499.878113,128.777863,154.076416
2022-08-03,162.860718,273.299103,18.862648,139.520004,117.112061,103.579521,79.584991,504.723389,131.435959,155.564423
2022-08-04,162.546982,274.440796,19.184135,142.570007,117.221176,102.439880,76.236168,498.281708,131.227325,153.069550
2022-08-05,162.321228,273.724823,18.958500,140.800003,116.507065,105.539688,77.337868,499.504669,131.290863,152.463669
2022-08-08,161.850006,271.218903,17.764416,139.410004,116.338470,104.254181,77.775047,500.942261,131.789825,151.652802
2022-08-09,161.899139,273.134552,17.058556,137.830002,115.673950,105.193237,79.209015,501.558533,131.481339,151.634964
2022-08-10,166.139999,279.771881,18.067930,142.690002,118.718773,107.937492,79.960983,501.987946,132.724243,152.071594
2022-08-11,165.403687,277.701324,17.913181,140.639999,117.865829,109.533005,82.274071,497.450989,131.780746,148.926208
2022-08-12,168.947586,282.432587,18.678947,143.550003,120.682556,111.347313,82.989204,507.570496,133.059875,147.286758
2022-08-15,170.017609,283.941986,19.001429,143.179993,121.079269,111.648170,81.505981,508.448120,134.774506,147.990677
2022-08-16,169.860535,283.206604,18.848671,144.779999,120.702393,112.714851,80.746712,509.829712,136.017380,149.309402
2022-08-17,171.352692,282.460083,18.305548,142.100006,118.570030,111.766685,81.400047,508.784180,135.391403,149.318283
2022-08-18,170.960052,281.345093,18.742847,142.300003,119.184937,110.900558,83.324684,508.989471,135.872238,148.596558
2022-08-19,168.378220,277.447327,17.820332,138.229996,116.249199,108.156303,83.059837,511.883667,135.835907,150.859756
2022-08-22,164.500565,269.302795,17.006639,133.220001,113.303551,106.369331,82.998024,508.382843,135.473053,150.330536
2022-08-23,164.166794,268.032562,17.153402,133.619995,112.926666,105.320877,86.520653,500.195618,132.860275,149.020905
2022-08-24,164.461288,267.402344,17.194340,133.800003,112.758064,105.576172,87.032715,500.811646,132.288803,148.527573
2022-08-25,166.915482,270.369293,17.884226,137.279999,115.693794,108.083382,87.482964,505.582123,132.179886,149.917892
2022-08-26,160.622894,259.936462,16.233879,130.750000,109.435524,104.545937,86.405869,494.080872,129.086319,147.352463
2022-08-29,158.423935,257.163574,15.775620,129.789993,108.523056,104.290634,88.392319,494.566254,128.541977,146.213272
2022-08-30,155.999176,254.972244,15.443153,128.729996,108.046997,104.308899,85.028603,488.096802,127.172081,145.701965
2022-08-31,154.340149,253.517838,15.069756,126.769997,107.332901,103.688942,84.392952,484.819977,125.139984,144.724228
2022-09-01,155.066574,252.480377,13.914614,127.820000,108.840446,104.400063,82.874435,489.179688,126.682243,148.312271
2022-09-02,152.956009,248.272415,13.625076,127.510002,106.965919,103.670677,84.392952,482.037933,124.432365,145.980042
2022-09-06,151.699417,245.547867,13.443371,126.110001,105.934448,103.698044,83.827919,483.279663,123.044342,146.374725
2022-09-07,153.103226,250.240677,13.696038,129.479996,108.552811,105.667343,83.112785,487.013794,124.904121,147.173065
2022-09-08,151.630707,250.657578,13.971676,129.820007,107.491585,108.128952,83.792587,492.456390,125.067390,148.357101
2022-09-09,154.487381,256.416992,14.368158,133.270004,109.742973,108.648636,85.196365,491.033051,126.972519,148.644150
2022-09-12,160.436371,258.540344,14.486002,136.449997,109.951256,109.934143,86.176353,497.504120,128.006729,148.581375
2022-09-13,151.022049,244.326187,13.113802,126.820000,103.464867,106.114075,84.163399,481.312408,125.357689,144.715210
2022-09-14,152.465118,244.549225,13.110808,128.550003,104.139290,105.867920,86.229294,477.388519,125.657082,147.702332
2022-09-15,149.578964,237.917236,12.912066,126.279999,102.066429,107.463417,83.721977,489.693787,124.686378,148.079041
2022-09-16,147.939529,237.296707,13.180716,123.529999,101.957336,106.743156,82.291733,487.923920,125.448425,150.339554
2022-09-19,151.650299,237.083359,13.364474,124.660004,102.225113,107.727806,82.282890,490.293121,125.185349,149.155472
2022-09-20,154.026016,235.076324,13.158743,122.190002,100.310928,105.603516,81.611931,489.590881,124.740837,147.980347
2022-09-21,150.904266,231.682800,13.243632,118.540001,98.466179,102.558380,80.296448,479.551727,123.135063,146.464432
2022-09-22,149.942215,233.651031,12.544549,117.309998,99.319138,101.391403,79.960983,484.590027,123.570534,149.065781
2022-09-23,147.674484,230.684082,12.499608,113.779999,97.930595,99.504173,75.705566,480.984558,122.998978,149.550110
2022-09-26,148.008286,230.228394,12.211987,115.150002,97.365273,97.361649,74.142906,476.068054,123.116898,148.635193
2022-09-27,148.980133,229.220047,12.396745,114.410004,96.700760,96.504646,75.696747,476.077484,119.733040,147.953491
2022-09-28,147.095322,233.738312,12.719320,118.010002,99.229858,98.455704,78.451279,481.293610,119.733040,149.227203
2022-09-29,139.870132,230.276871,12.203996,114.800003,96.621422,96.787285,78.292343,476.508240,116.757393,147.585678
2022-09-30,135.668549,225.816803,12.123103,113.000000,94.865929,95.273827,77.082840,472.958954,114.534721,146.536163
2022-10-03,139.840698,233.418365,12.495616,115.879997,97.831429,98.218658,81.152824,482.763947,116.584999,146.392670
2022-10-04,143.423843,241.310760,13.149755,121.089996,100.806831,102.813660,84.110428,489.937378,118.027473,148.563431
2022-10-05,143.718323,241.621033,13.191701,120.949997,100.598557,101.544266,87.509460,493.589630,117.210983,148.105942
2022-10-06,142.766098,239.284317,13.112804,120.300003,100.588631,99.474564,90.105072,486.153992,114.743401,145.235519
2022-10-07,137.523926,227.116043,12.060187,114.559998,97.871101,97.487648,89.195732,472.781036,112.738464,143.701584
2022-10-10,137.847870,222.277786,11.654716,113.669998,97.057808,96.576988,87.262253,467.171478,112.275810,143.889999
2022-10-11,136.434235,218.554596,11.570827,112.209999,96.383392,93.789764,86.520653,468.061157,112.702202,145.971069
2022-10-12,135.805969,218.884232,11.484938,112.900002,96.760269,95.307556,86.900276,468.201660,112.883621,145.935196
2022-10-13,140.370819,227.116043,11.944336,112.529999,98.247986,100.605995,89.937317,477.519653,114.589172,148.141830
2022-10-14,135.845276,221.608780,11.212297,106.900002,95.768471,102.280159,87.571251,480.535095,113.473320,147.522919
2022-10-17,139.801422,230.305939,11.872431,113.790001,99.150520,106.575935,88.833755,488.729340,115.523590,149.433502
2022-10-18,141.116898,231.246460,11.951327,116.360001,99.943962,109.317146,88.992668,489.038239,116.458008,148.913239
2022-10-19,141.224854,229.287888,12.035215,115.070000,98.813301,107.173866,91.632431,487.268402,117.537590,147.729218
2022-10-20,140.763458,228.967972,12.178030,115.250000,99.150520,106.824303,91.756035,487.792755,116.023674,148.105942
2022-10-21,144.572403,234.756393,12.449675,119.320000,100.301010,112.435501,93.459961,499.826447,117.476379,151.335175
2022-10-24,146.712463,239.730331,12.582499,119.820000,101.679626,112.573486,94.113274,507.196625,118.198158,153.371414
2022-10-25,149.549530,243.036636,13.243632,120.599998,103.623566,112.867844,93.477615,505.904266,119.559494,153.129242
2022-10-26,146.614334,224.284836,12.879112,115.660004,94.151825,114.164856,94.590027,508.666901,120.400040,154.474747
2022-10-27,142.147675,219.853806,13.158743,110.959999,91.464050,114.615578,94.951996,507.383911,120.491417,154.564453
2022-10-28,152.887268,228.696457,13.815882,103.410004,95.500687,115.976997,97.733017,516.224304,123.542984,156.860794
2022-10-31,150.531219,225.070221,13.479324,102.440002,93.735283,115.793022,97.830124,519.885925,123.040474,156.053513
2022-11-01,147.890457,221.230621,13.525265,96.790001,89.728401,117.881134,98.801285,512.543884,123.232315,155.264114
2022-11-02,142.373398,213.406067,13.201687,92.120003,86.257080,116.795677,96.770699,508.910339,121.459885,152.878052
2022-11-03,136.336090,207.733978,13.403423,89.300003,82.746109,117.007240,98.086174,509.079010,120.628464,153.138229
2022-11-04,136.070618,214.656860,14.137460,90.980003,85.870277,120.208382,99.154411,503.984528,122.830360,153.819901
2022-11-07,136.601562,220.939758,14.282270,90.529999,87.764626,120.843102,100.328636,510.399353,124.712433,155.165451
2022-11-08,137.171890,221.909348,14.582877,89.980003,88.171265,120.916695,100.646461,517.919250,124.995674,155.936890
2022-11-09,132.619171,217.681931,13.757957,86.139999,86.604218,119.343719,96.143867,506.316345,124.694153,154.690002
2022-11-10,144.418884,235.590210,15.729372,96.629997,93.169960,124.255814,97.556442,509.603333,128.988312,156.501999
2022-11-11,147.201660,239.594589,16.305616,100.790001,95.619713,124.458183,100.602325,488.916626,128.796448,151.819580
2022-11-14,145.805374,234.203690,16.273661,98.489998,94.915520,123.179558,100.896011,481.115662,128.805573,154.205627
2022-11-15,147.535995,234.610901,16.644175,98.940002,97.633072,122.287300,101.572388,471.057922,128.357895,154.636230
2022-11-16,146.306839,235.038757,15.889164,97.120003,98.039696,122.452843,100.486626,479.027313,129.499954,155.596008
2022-11-17,148.204666,234.990128,15.656468,94.849998,97.553726,121.919319,100.620117,482.576599,128.705063,156.851852
2022-11-18,148.765121,234.542862,15.388821,94.139999,96.631340,123.115150,99.747955,496.333466,130.258270,158.053848
2022-11-21,145.539886,235.349899,15.296940,92.459999,94.816338,122.388474,98.760086,484.337158,131.911957,158.866379
2022-11-22,147.673630,238.247375,16.016994,93.199997,96.254463,124.218994,101.616882,489.862427,133.044876,159.633743
2022-11-23,148.548859,240.726822,16.497368,94.129997,97.652901,125.543617,101.109604,496.061798,133.803177,159.805298
2022-11-25,145.638229,240.639313,16.248692,93.410004,96.661087,125.782799,100.753632,503.469360,134.049896,160.012939
2022-11-28,141.813110,235.067902,15.806273,93.949997,95.262665,123.584312,97.727730,498.459229,133.940262,160.094177
2022-11-29,138.814056,233.677490,15.618519,92.419998,94.409698,125.617233,98.377396,494.460571,132.916946,158.974686
2022-11-30,145.559570,248.077530,16.905159,96.540001,100.162155,127.107391,99.089378,512.965454,136.279175,160.699066
2022-12-01,145.834854,247.639999,17.116938,95.500000,100.162155,125.322868,98.608795,502.804565,136.361420,161.367142
2022-12-02,145.343185,247.960861,16.858212,94.129997,99.616676,124.329414,97.772209,503.649963,137.603958,161.493530
2022-12-05,144.182892,243.274277,16.592493,91.010002,98.664543,120.843102,95.093407,502.597870,136.215210,161.403214
2022-12-06,140.525009,238.334930,15.970148,88.250000,96.185028,121.045471,92.450180,506.618286,136.388809,158.983719
2022-12-07,138.587875,237.605667,16.103010,88.459999,94.161758,120.962685,92.245491,509.990509,137.265915,159.949707
2022-12-08,140.269318,240.551788,17.150902,90.349998,92.941826,122.232109,92.930771,514.696777,138.252670,159.976807
2022-12-09,139.787491,238.626602,16.983076,89.089996,92.069054,121.569817,92.147606,506.505707,137.887177,158.658707
2022-12-12,142.078613,245.520355,17.516518,90.550003,92.545113,123.455521,94.417023,512.761719,139.303329,160.554581
2022-12-13,143.042252,249.808258,18.052954,92.489998,94.846085,123.335938,95.449387,505.585052,139.093185,161.791458
2022-12-14,140.820007,250.100006,17.655371,91.580002,94.290680,122.719627,94.746315,505.716553,139.641373,162.287979
2022-12-15,134.221970,242.117249,16.934128,88.449997,90.115204,119.674881,93.838547,495.684143,138.060791,160.238647
2022-12-16,132.265167,237.916809,16.553534,87.860001,89.520119,118.929771,93.179955,491.945496,137.448624,158.595505
2022-12-19,130.160904,233.794174,16.236862,84.919998,87.715042,119.638069,93.598236,491.851532,137.412079,158.423981
2022-12-20,130.092041,235.106842,16.068043,85.190002,88.290276,120.217606,94.951012,488.667114,137.466949,158.595505
2022-12-21,133.189499,237.664001,16.483604,86.769997,88.845695,121.569817,96.170265,495.552551,138.727768,160.410141
2022-12-22,130.023239,231.596756,15.322832,83.790001,87.040611,120.189987,94.230125,495.129974,139.047531,159.823364
2022-12-23,129.659393,232.121796,15.189970,85.250000,88.498566,120.760307,96.722054,499.094177,139.440399,160.229568
2022-12-27,127.859917,230.400787,14.106114,83.040001,86.673653,121.183434,98.065910,499.732819,140.655518,160.184418
2022-12-28,123.936531,228.038040,14.021205,81.820000,85.314873,121.845764,96.455055,496.407471,138.837387,159.489304
2022-12-29,127.446953,234.338699,14.587608,84.180000,87.724960,122.544861,97.184830,497.750824,139.412964,160.301834
2022-12-30,127.761589,233.181641,14.598595,84.000000,87.506767,123.354370,98.163811,498.032562,138.471939,159.480255
2023-01-03,122.982712,232.948288,14.299911,85.820000,88.389458,124.292603,94.790810,487.192291,138.481049,160.870590
2023-01-04,124.251190,222.758362,14.733452,85.139999,87.357986,125.451668,95.066711,473.909668,139.084061,162.622025
2023-01-05,122.933548,216.156265,14.249964,83.120003,85.493401,125.423828,97.193741,460.251312,137.357300,161.421280
2023-01-06,127.456749,218.703781,14.843335,86.080002,86.624046,127.823891,98.368500,460.288879,140.628128,162.730362
2023-01-09,127.977936,220.833145,15.611524,87.360001,87.298477,127.295692,96.535156,460.345215,138.910461,158.514267
2023-01-10,128.548233,222.515305,15.892229,89.870003,87.695198,128.435486,97.976891,456.531372,138.773438,158.135117
2023-01-11,131.262177,229.243698,15.984131,95.089996,90.769791,129.389954,99.116081,463.482697,137.649658,157.882309
2023-01-12,131.183517,231.907867,16.493593,95.269997,90.382988,129.260193,100.762520,465.615112,136.873032,157.087860
2023-01-13,132.511002,232.607956,16.881186,98.120003,91.364876,132.522064,100.700233,459.884979,137.850662,156.573227
2023-01-17,133.671310,233.696960,17.683344,96.050003,90.541679,130.474121,100.504417,455.667206,137.448624,155.607224
2023-01-18,132.953506,229.282608,17.358683,95.459999,90.373070,126.554375,98.439682,447.363159,133.766663,153.259949
2023-01-19,133.012497,225.510010,16.747328,93.680000,92.287247,124.867836,99.071579,454.990814,130.937729,153.052307
2023-01-20,135.569107,233.570572,17.820196,97.250000,97.216507,125.173622,100.878212,457.207733,131.443405,152.339081
2023-01-23,138.755020,235.865250,19.172770,97.519997,98.972000,127.203018,100.353142,456.352966,129.678177,151.950897
2023-01-24,140.151337,235.340164,19.244692,96.320000,96.899124,128.296509,101.287582,461.791840,130.386124,151.950897
2023-01-25,139.492493,233.949768,19.302633,97.180000,94.439461,128.917343,100.753632,462.637238,130.294159,153.034225
2023-01-26,141.557480,241.135223,19.781124,99.220001,96.720596,129.714294,104.802979,462.618500,129.770142,152.474518
2023-01-27,143.494583,241.290771,20.343531,102.239998,98.555435,130.029358,102.889557,456.578430,129.236893,151.878616
2023-01-30,140.613480,235.991623,19.141802,100.550003,96.145363,128.926605,101.065109,456.334137,129.641418,146.254196
2023-01-31,141.881943,240.950424,19.516407,103.129997,98.029785,129.695770,103.245552,468.921631,130.900970,147.536148
2023-02-01,143.002914,245.753708,20.920923,105.150002,99.606758,129.352875,102.115265,466.864441,131.645645,148.890366
2023-02-02,148.302994,257.275696,21.686113,112.910004,106.856834,128.750580,98.920280,442.281219,130.707886,149.450104
2023-02-03,151.921539,251.198700,21.077753,103.389999,103.921097,130.742889,99.605553,443.399109,131.112396,148.610504
2023-02-06,149.197784,249.662399,21.066772,102.180000,102.056503,131.511993,99.436462,446.423798,129.999969,147.482010
2023-02-07,152.069046,260.153717,22.149628,102.110001,106.757652,133.115143,102.275467,447.964386,128.731232,147.518082
2023-02-08,149.384598,259.346741,22.181595,100.050003,98.555435,132.179199,101.385498,453.920044,127.398132,147.707703
2023-02-09,148.352127,256.322784,22.313454,98.239998,94.231171,130.122025,101.768188,456.277832,126.000656,145.712479
2023-02-10,148.716507,255.817200,21.242580,97.610001,93.794785,130.696548,106.057846,464.281189,127.113136,146.389587
2023-02-13,151.513367,263.809631,21.765032,99.540001,93.834450,132.114334,105.645302,465.314514,128.777222,146.931274
2023-02-14,150.873306,264.636169,22.946785,99.699997,93.903893,132.698151,104.407692,462.947235,128.050873,146.290298
2023-02-15,152.970917,262.520905,22.740004,101.160004,96.145363,133.254181,104.093811,461.463135,127.756660,143.879822
2023-02-16,151.375519,255.531921,21.978807,98.150002,94.727081,131.419373,103.788887,457.799561,126.083389,142.859650
2023-02-17,150.233139,251.545227,21.365456,97.199997,93.576584,131.808533,99.798042,468.818298,128.722015,145.842117
2023-02-21,146.224945,246.291275,20.633224,94.580002,91.037575,129.389954,99.699387,461.519440,128.630112,143.668945
2023-02-22,146.648438,245.160522,20.732122,95.790001,90.898735,128.398407,98.407967,459.246185,129.172501,143.468887
2023-02-23,147.130997,248.338257,23.639053,95.820000,90.144958,129.427017,99.313751,461.876404,128.758804,143.423401
2023-02-24,144.481842,242.928360,23.261452,93.500000,88.399376,130.594635,99.322731,454.962646,128.032501,141.823059
2023-02-27,145.673462,243.844650,23.476223,93.760002,89.133324,131.734421,99.143372,454.013885,127.922180,141.513885
2023-02-28,145.171188,243.123322,23.191528,94.230003,89.321762,132.837158,98.569405,447.081421,126.469574,139.358841
2023-03-01,143.103073,240.052826,22.674076,92.169998,89.619301,132.095810,99.448296,446.405029,126.561501,138.731430
2023-03-02,143.693970,244.770645,23.289427,92.129997,91.245857,130.724365,99.905663,448.734711,128.648468,138.622299
2023-03-03,148.736221,248.845108,23.864819,94.900002,92.882324,133.124420,101.170174,449.542542,129.586243,140.049927
2023-03-06,151.493713,250.385223,23.529171,93.750000,94.350189,132.346008,102.066986,451.627930,129.034622,141.450256
2023-03-07,149.297562,247.733887,23.267401,93.550003,93.090622,128.454041,100.093994,445.146271,126.469574,140.113571
2023-03-08,150.548279,247.295258,24.159611,93.919998,93.477402,127.694176,98.632179,442.065186,126.487953,139.086075
2023-03-09,148.302887,245.950104,23.415272,92.250000,91.563232,120.781258,97.869881,436.720154,125.559372,137.522095
2023-03-10,146.244614,242.314255,22.944689,90.730003,89.887077,123.848518,96.659187,433.958038,126.129395,137.858505
2023-03-13,148.184738,247.509705,22.945688,92.430000,90.363144,121.624519,95.547112,437.116180,127.002831,139.177017
2023-03-14,150.272507,254.206268,24.041718,94.879997,93.199707,124.747353,95.905853,437.964600,128.574936,139.959000
2023-03-15,150.666458,258.738831,24.206572,96.199997,95.322166,118.853790,91.134781,438.765839,130.395294,140.350006
2023-03-16,153.483017,269.227295,25.518406,100.040001,99.497658,121.161186,90.605652,444.978394,131.369812,140.058975
2023-03-17,152.645935,272.375641,25.702246,98.949997,100.786995,116.583481,89.538429,442.602722,131.406601,138.558670
2023-03-20,155.009445,265.357483,25.877089,97.709999,100.390274,117.815948,91.879135,449.635376,133.429260,139.931702
2023-03-21,156.860931,266.868347,26.175829,100.610001,104.059952,120.975861,95.995537,452.595459,132.463898,139.931702
2023-03-22,155.432953,265.415955,26.444592,98.699997,102.522644,117.853004,93.798309,448.277863,132.381165,137.349274
2023-03-23,156.516251,270.650452,27.166946,98.709999,104.734367,117.537941,92.740082,442.989258,132.197250,137.422058
2023-03-24,157.816193,273.486969,26.755312,98.129997,104.575691,115.749481,92.847687,448.720886,134.891052,138.804184
2023-03-27,155.876068,269.402679,26.507534,98.040001,101.620117,119.066933,94.883461,454.292358,134.183121,139.395248
2023-03-28,155.255676,268.281738,26.386642,97.239998,100.201843,119.428322,96.067284,445.506226,134.560059,138.049469
2023-03-29,158.328308,273.428436,26.960133,100.250000,100.558891,119.669258,97.717422,439.859406,134.973816,139.404327
2023-03-30,159.894135,276.879028,27.358782,102.000000,100.062981,119.307869,98.192741,443.130585,135.562210,139.513428
2023-03-31,162.395538,281.021790,27.752432,103.290001,102.879692,120.753448,98.345207,445.515656,136.702225,140.941025
2023-04-03,163.646271,279.978760,27.940268,102.410004,103.504547,120.614449,104.147614,465.878296,137.456131,142.623245
2023-04-04,163.114487,279.930084,27.428719,103.949997,103.861595,119.002068,103.152138,464.992096,138.118088,144.114502
2023-04-05,161.272873,277.161743,26.857225,101.099998,103.613632,119.179512,104.918884,480.056641,139.065018,150.588684
2023-04-06,162.159180,284.238464,27.013088,102.059998,107.531250,119.048752,103.179054,483.431549,139.947632,150.170380
2023-04-10,159.569153,282.084259,27.554605,102.169998,105.567482,119.441002,102.721680,485.665741,138.789230,149.415665
2023-04-11,158.357849,275.689880,27.144966,99.919998,104.486420,120.029381,103.448097,491.123993,138.513397,149.370224
2023-04-12,157.668488,276.333191,26.471569,97.830002,103.782242,120.010719,103.340492,491.331543,138.890366,149.051956
2023-04-13,163.045547,282.522858,26.439592,102.400002,106.549370,120.468346,103.824753,496.082703,139.533905,151.043304
2023-04-14,162.700882,278.916290,26.734331,102.510002,107.977570,129.564850,104.075874,482.470001,138.825974,150.797821
2023-04-17,162.720535,281.509125,26.978115,102.739998,105.101341,130.592224,102.865173,476.398926,138.871948,150.643250
2023-04-18,163.941727,281.090027,27.642530,102.300003,103.643387,132.058487,104.874046,475.578827,139.019089,146.405914
2023-04-19,165.084106,281.167969,27.906292,104.300003,103.326012,131.890366,104.542221,458.345978,139.046631,147.788025
2023-04-20,164.118988,278.887024,27.080029,103.809998,104.426918,131.507446,103.708168,459.533844,139.556396,148.742813
2023-04-21,162.513733,278.545929,27.095015,106.959999,104.545937,131.255280,104.040016,456.102386,144.385590,147.933533
2023-04-24,162.819031,274.656555,27.018082,106.209999,105.101341,131.432739,106.004036,460.928986,144.644623,148.833710
2023-04-25,161.282745,268.466980,26.217791,102.570000,102.998711,128.574905,104.497368,463.738312,144.681641,150.197662
2023-04-26,161.272873,287.913239,26.932156,104.980003,102.859856,126.296112,103.537788,455.282227,143.007156,147.869888
2023-04-27,165.852249,297.134430,27.201921,109.820000,106.708046,127.995872,104.775383,462.371399,144.755630,148.215408
2023-04-28,167.102951,299.503113,27.724457,105.449997,106.460106,129.107254,106.129585,463.898590,144.672363,148.851913
2023-05-01,167.014328,297.846008,28.884428,102.050003,106.321259,131.871689,102.838264,467.301758,144.848160,148.761002
2023-05-02,165.980270,297.699738,28.185049,103.629997,104.456673,129.742310,98.739799,465.124146,144.718643,150.061279
2023-05-03,164.906815,296.715332,27.777409,103.650002,104.545937,126.996559,96.793709,461.400391,144.533615,148.097198
2023-05-04,163.272049,297.699738,27.537621,104.000000,103.831841,125.259430,95.098717,459.364105,143.867508,147.424316
2023-05-05,170.933914,302.807526,28.654633,105.660004,104.704613,127.706352,97.466316,465.963104,144.348587,147.924408
2023-05-08,170.864944,300.858032,29.125217,105.830002,106.886581,128.014526,97.851944,464.398224,143.673233,147.588013
2023-05-09,169.161224,299.249695,28.545731,106.620003,106.470016,127.398140,97.878860,462.286530,142.202240,146.442291
2023-05-10,170.924026,304.425659,28.859449,110.190002,110.833961,127.463524,96.623314,461.994293,142.498291,146.987839
2023-05-11,171.111160,302.281158,28.552719,112.180000,115.614449,127.061966,94.874519,460.759338,142.831360,146.387711
2023-05-12,170.184143,301.169983,28.314938,110.260002,116.546738,125.240761,94.865532,463.087799,144.283829,146.196747
2023-05-15,169.691040,301.647552,28.927387,111.199997,115.554939,126.296112,95.046448,458.968170,144.330063,145.078339
2023-05-16,169.691040,303.869995,29.187160,113.400002,118.530342,125.446228,92.739723,452.237213,144.080292,144.887375
2023-05-17,170.302490,306.742065,30.151310,115.500000,119.849442,129.303391,94.820320,457.035645,143.469711,144.569138
2023-05-18,172.629868,311.157593,31.649981,118.150002,121.823143,130.284012,95.679680,451.775238,141.110596,144.105377
2023-05-19,172.738358,310.981781,31.236347,116.250000,121.753708,129.985138,96.122932,451.388763,141.702698,144.496384
2023-05-22,171.791595,313.756134,31.148428,115.010002,124.024940,128.911133,94.955994,453.085693,137.992920,143.717636
2023-05-23,169.188095,307.973022,30.660856,114.989998,121.555336,127.566246,96.249580,451.973236,136.503433,143.662689
2023-05-24,169.464233,306.595459,30.510990,116.750000,119.908951,126.398827,97.326050,453.283630,135.374802,143.525269
2023-05-25,170.598358,318.386566,37.946407,115.000000,122.467804,126.707024,95.580185,450.333038,134.505157,141.463928
2023-05-26,173.004593,325.195465,38.911549,120.110001,123.588547,127.893127,94.955994,453.934113,134.514420,141.408951
2023-05-30,174.848770,323.554230,40.075520,121.660004,122.656250,128.378784,94.114716,452.359833,132.460617,141.427277
2023-05-31,174.799469,320.799438,37.800537,120.580002,121.862816,126.744415,92.432167,459.326385,131.831497,142.059387
2023-06-01,177.600204,324.892548,39.734821,122.769997,122.705826,128.490845,93.499611,465.350403,133.182220,141.583008
2023-06-02,178.448303,327.647400,39.292210,124.250000,123.648041,131.189941,95.670639,470.959442,135.550537,143.809265
2023-06-05,177.097244,328.174957,39.136356,125.300003,124.977074,129.901093,95.245453,469.649109,135.014008,145.046097
2023-06-06,176.732361,325.967224,38.619816,126.610001,126.266418,130.134552,96.023438,459.637512,133.672562,144.917831
2023-06-07,175.361588,315.905212,37.445728,121.230003,121.495834,131.395401,98.176376,454.509186,133.959320,145.229309
2023-06-08,178.073547,317.741730,38.479919,124.250000,121.138786,131.432739,97.868805,462.145142,135.476562,146.823410
2023-06-09,178.458191,319.236420,38.739712,123.430000,121.228058,131.694229,97.145149,465.340912,135.587585,146.594376
2023-06-12,181.249008,324.179443,39.451157,126.570000,122.626480,131.684937,96.267662,464.369934,134.523651,146.493576
2023-06-13,180.775650,326.563019,40.989960,126.660004,122.814941,132.637527,96.285767,463.163300,134.199844,147.263168
2023-06-14,181.406815,329.542603,42.963417,126.419998,122.656250,132.142563,95.127884,433.514984,135.458023,148.014420
2023-06-15,183.438339,340.053894,42.619690,127.110001,124.064606,133.636826,95.788231,441.002411,137.336044,150.002472
2023-06-16,182.363419,334.417236,42.658649,125.489998,122.517403,133.795609,95.100739,433.997742,138.344452,150.460571
2023-06-20,182.452164,330.236176,43.773777,125.779999,122.090912,133.113831,92.920654,444.315552,137.067795,150.368958
2023-06-21,181.416687,325.849945,43.011375,124.830002,119.561829,132.917679,93.960938,451.282318,138.251938,150.139938
2023-06-22,184.414642,331.857788,42.991394,130.149994,122.140518,130.358719,93.445312,453.459473,138.723755,151.734024
2023-06-23,184.099091,327.276154,42.176029,129.330002,121.337135,129.676926,92.631172,451.518951,137.345337,151.605774
2023-06-26,182.708572,321.004608,40.600262,127.330002,117.369926,129.994492,94.340874,453.468872,137.484070,149.910873
2023-06-27,185.459991,326.836609,41.843288,129.179993,117.360023,130.003799,94.576065,456.781921,138.788513,149.599380
2023-06-28,186.633591,328.087036,41.084885,129.039993,119.194847,129.434143,95.344986,449.105194,138.760773,149.297058
2023-06-29,186.968826,327.305511,40.790115,127.900002,118.123695,133.954376,96.520958,450.988892,138.196442,150.341507
2023-06-30,191.288269,332.668579,42.268959,130.360001,118.718773,135.831573,97.018494,454.964539,140.379745,151.642441
2023-07-03,189.799179,330.177521,42.379860,130.220001,118.917152,136.924286,97.208458,452.351959,141.082870,149.654343
2023-07-05,188.684799,330.333862,42.283955,130.380005,120.751984,136.012161,96.710930,446.047729,140.842331,149.159622
2023-07-06,189.158173,333.381683,42.070114,128.360001,119.125427,134.667435,93.101570,444.287048,140.611038,148.051056
2023-07-07,188.043777,329.425354,42.469795,129.779999,118.500587,135.730026,93.318665,436.922607,137.659882,145.898117
2023-07-10,186.002365,324.159943,42.147053,127.129997,115.495422,136.491699,94.702698,438.314148,137.715378,146.136276
2023-07-11,185.479706,324.785095,42.371880,128.779999,116.179771,138.626297,95.860611,438.162720,136.993774,145.330093
2023-07-12,187.146347,329.405823,43.867710,130.800003,117.955109,139.312759,96.330994,427.570496,137.706116,144.826202
2023-07-13,187.905716,334.739624,45.941093,134.300003,123.519119,139.989838,94.567024,423.831482,137.798630,145.494980
2023-07-14,188.053635,337.259979,45.433491,134.679993,124.391907,140.836121,91.310455,454.519653,138.816315,146.466110
2023-07-17,191.308044,337.738678,46.424706,133.559998,123.628227,144.230774,91.708481,458.220734,137.835648,145.733215
2023-07-18,191.051575,351.180542,47.456905,132.830002,122.745506,144.494110,91.292358,473.290375,138.094696,145.724045
2023-07-19,192.402649,346.872498,47.040226,135.360001,121.029694,145.048874,91.925583,476.792694,139.038300,145.430817
2023-07-20,190.459900,338.852234,45.484444,129.960007,118.222885,146.835571,93.544830,477.303772,140.165726,154.262619
2023-07-21,189.286377,335.823944,44.274391,130.000000,119.036163,145.707153,93.979027,479.471466,142.372086,155.920868
2023-07-24,190.085159,337.133026,44.577152,128.800003,120.533783,148.575226,95.453537,481.506622,142.828262,156.736237
2023-07-25,190.943115,342.867340,45.643322,129.130005,121.208221,147.465607,95.598251,483.636444,143.163422,157.936401
2023-07-26,191.810959,329.962585,45.416496,128.149994,128.210342,148.349533,95.064552,480.862976,143.312363,158.238739
2023-07-27,190.548676,323.075623,45.864147,128.250000,128.339279,146.713318,95.363060,478.240967,141.608704,159.127441
2023-07-28,193.122559,330.548767,46.713482,132.210007,131.493210,147.550232,94.223267,476.044922,145.611816,159.851181
2023-07-31,193.733994,328.155396,46.692501,133.679993,131.632065,148.537613,97.009438,479.320038,145.509430,153.483887
2023-08-01,192.905624,328.565674,46.470676,131.690002,130.471664,147.804123,96.448593,477.777069,145.462875,154.729858
2023-08-02,189.917511,319.930023,44.234421,128.210007,127.327644,146.130280,95.245453,477.833862,145.779404,155.664337
2023-08-03,188.526993,319.109467,44.480232,128.910004,127.397057,147.023621,96.900887,477.890656,146.161102,156.333176
2023-08-04,179.473892,320.203552,44.645103,139.570007,127.059845,146.713318,97.172272,475.874481,144.559860,154.867279
2023-08-07,176.377350,322.479706,45.381527,142.220001,130.451813,147.409164,96.973244,483.456604,146.086624,158.586899
2023-08-08,177.314209,318.513550,44.629112,139.940002,130.322891,146.581680,97.452705,478.837280,146.244873,158.660172
2023-08-09,175.726456,314.781799,42.520760,137.850006,128.597137,144.616348,99.108124,475.287598,146.058701,158.559387
2023-08-10,175.509491,315.465637,42.354897,138.559998,128.626892,144.400055,99.614700,476.584381,145.332565,157.734848
2023-08-11,175.568741,313.590057,40.823086,138.410004,128.497971,145.237000,101.161560,480.872467,146.179718,159.274002
2023-08-14,177.217911,316.549988,43.718822,140.570007,130.253464,145.537872,101.242981,483.636444,145.034637,158.898392
2023-08-15,175.232971,314.420319,43.905682,137.669998,128.716171,141.832916,98.643730,479.622925,144.103668,158.440277
2023-08-16,174.363998,313.656769,43.452030,135.070007,127.645004,141.231079,96.983864,476.660156,142.632767,157.936401
2023-08-17,171.826065,310.210876,43.310146,133.979996,128.855026,139.764160,98.862610,467.572998,141.608704,159.420578
2023-08-18,172.309982,309.819305,43.265179,133.220001,126.415176,140.083862,100.358315,471.813660,142.008987,158.028046
2023-08-21,173.643082,315.105682,46.930309,134.679993,127.317719,140.563431,99.145332,471.094208,141.292175,153.318970
2023-08-22,175.015762,315.673462,45.632328,134.250000,128.021912,137.648361,98.589005,466.039520,141.348022,152.100510
2023-08-23,178.857162,320.117920,47.079208,135.520004,131.284912,138.579285,97.722588,463.294464,142.669983,150.735413
2023-08-24,174.176361,313.235840,47.126163,131.839996,128.716171,138.447647,96.992973,462.026001,142.008987,151.248444
2023-08-25,176.378525,316.182495,45.982063,133.259995,128.815353,138.278397,98.725807,462.991516,142.939972,153.417068
2023-08-28,177.938766,316.887390,46.798420,133.139999,129.936066,138.757950,99.555740,465.036163,143.163422,151.608368
2023-08-29,181.819672,321.498230,48.745892,134.910004,133.466919,139.886383,100.148560,466.503357,143.247192,151.626816
2023-08-30,185.305573,321.870270,49.225517,135.070007,134.766174,139.322174,101.124413,465.272797,143.405457,151.091553
2023-08-31,185.522812,320.861938,49.316448,138.009995,135.053772,137.601334,101.407150,451.121399,143.684753,149.199860
2023-09-01,187.092911,321.743011,48.471111,138.119995,134.547958,138.062103,103.532127,450.799561,143.843033,148.092438
2023-09-05,187.329956,326.529999,48.510078,137.270004,134.657089,136.538712,103.541252,455.125458,141.915924,148.277008
2023-09-06,180.624786,325.874146,47.028111,135.360001,133.357803,136.313049,104.435036,451.462219,141.636612,145.813126
2023-09-07,175.341599,322.966614,46.208687,137.850006,134.151230,135.147034,103.924301,458.911713,142.986526,147.677200
2023-09-08,175.953857,327.234863,45.540154,138.229996,135.262054,135.250458,105.438255,456.859131,142.372086,148.166260
2023-09-11,177.119141,330.827667,45.146427,143.100006,135.797638,135.842896,104.115829,455.538330,144.066437,150.104172
2023-09-12,174.097366,324.787476,44.838638,141.229996,134.230576,137.610748,107.152855,456.032501,141.534225,150.953171
2023-09-13,172.033478,328.987183,45.453217,144.850006,135.589355,137.676544,106.195229,455.975464,142.521027,151.331543
2023-09-14,173.544388,331.571686,45.549145,144.720001,136.967957,140.347183,108.092224,459.548401,144.085068,151.100784
2023-09-15,172.823471,323.270081,43.869324,140.389999,136.273712,139.933411,106.432350,462.494293,142.874802,148.987564
2023-09-18,175.746490,322.134521,43.935276,139.979996,137.077057,140.224899,107.289642,461.886139,143.414749,149.928833
2023-09-19,176.832764,321.733124,43.489594,137.630005,136.908463,140.046249,107.006927,456.754669,142.995804,149.679688
2023-09-20,173.297470,314.019012,42.209484,135.289993,132.643707,139.453827,106.158745,467.654236,142.874802,150.334885
2023-09-21,171.756958,312.805054,40.988342,129.330002,129.370758,138.363007,104.663033,476.216125,141.636612,149.181366
2023-09-22,172.606216,310.338165,41.580925,129.119995,129.182312,137.037109,104.827187,480.929413,141.115295,148.110916
2023-09-25,173.880096,310.857056,42.192497,131.270004,130.035263,137.714172,106.003708,484.901550,140.258804,147.889420
2023-09-26,169.811600,305.570679,41.881721,125.980003,127.516068,136.284851,106.167870,480.311768,139.011337,146.745163
2023-09-27,168.300690,306.206970,42.438320,125.980003,129.469910,137.084091,109.624405,478.677307,137.168015,144.982590
2023-09-28,168.557465,307.039093,43.058887,125.980003,131.225418,138.786194,108.958633,484.730469,136.237015,144.770340
2023-09-29,169.070984,309.104614,43.468601,127.120003,129.787308,136.369476,107.234924,479.114410,135.790176,143.727570
2023-10-02,171.579208,315.027313,44.750706,129.460007,133.070175,135.194031,105.456497,488.978210,135.166428,143.173874
2023-10-03,170.246094,306.794342,43.486595,124.720001,131.344452,134.197281,105.638901,484.131836,135.445724,143.349228
2023-10-04,171.490356,312.247040,44.010220,127.000000,134.131439,134.799103,101.689857,485.224670,135.892578,143.515289
2023-10-05,172.724731,312.638672,44.656773,125.959999,133.962814,135.367432,99.400703,490.555573,133.872421,145.010239
2023-10-06,175.272507,320.372437,45.730022,127.959999,136.452209,137.451508,97.740829,498.708893,134.142410,145.471695
2023-10-09,176.753769,322.878540,45.241367,128.259995,137.285324,137.138901,101.160889,500.324341,133.462769,146.302200
2023-10-10,176.161240,321.478638,45.766003,129.479996,136.928268,137.972519,100.732246,498.167236,134.784744,146.136078
2023-10-11,177.553635,325.423859,46.773293,131.830002,139.397858,138.446152,97.120659,498.062744,133.127609,144.124359
2023-10-12,178.452286,324.190369,46.912201,132.330002,137.830826,138.124084,97.102417,499.402588,133.425568,144.262817
2023-10-13,176.615509,320.832520,45.429234,129.789993,136.234039,140.198624,100.203285,512.573303,134.700974,144.742661
2023-10-16,176.487106,325.639221,46.062794,132.550003,137.959747,140.056519,100.276245,511.271454,135.985703,145.370148
2023-10-17,174.936737,325.071442,43.907303,131.470001,138.574692,139.753403,101.589539,509.960083,136.162552,144.041306
2023-10-18,173.643082,323.162476,42.166508,128.130005,136.829147,138.218811,103.012291,509.399353,139.672287,140.940659
2023-10-19,173.267868,324.347015,42.071583,128.399994,136.620850,137.631485,103.076118,505.189636,138.886307,140.562347
2023-10-20,170.720108,319.794830,41.358078,125.169998,134.488480,135.414825,101.306824,500.818481,138.698914,141.189850
2023-10-23,170.838593,322.389038,42.944969,126.559998,135.381073,133.567627,99.820221,495.630005,138.792587,139.704102
2023-10-24,171.273117,323.573608,43.632484,128.559998,137.672134,133.728653,98.853485,498.889496,140.432053,139.556473
2023-10-25,168.962326,333.500244,41.749805,121.389999,124.580353,132.999237,99.035889,503.840363,141.087875,139.870224
2023-10-26,164.804932,320.989197,40.297821,119.570000,121.277641,133.340286,98.133003,502.082336,140.338394,137.498581
2023-10-27,166.118317,322.868774,40.471703,127.739998,121.168549,128.537521,96.263367,498.566376,137.865143,134.361038
2023-10-30,168.162430,330.210907,41.132236,132.710007,123.439774,130.176331,96.564323,503.631226,139.832474,135.680679
2023-10-31,168.636459,330.994080,40.751507,133.089996,123.062881,131.729858,96.536957,508.924286,140.553848,136.889526
2023-11-01,171.796494,338.786560,42.295429,137.000000,125.413460,131.616211,96.345436,505.161102,140.160385,137.212540
2023-11-02,175.351486,340.989227,43.475601,138.070007,126.444939,133.965485,99.510139,509.465973,141.874802,138.642899
2023-11-03,174.442993,345.374878,44.973557,138.600006,128.041733,135.462204,98.297157,504.495972,140.591324,139.657974
2023-11-06,176.990723,349.026398,45.719032,139.740005,129.182312,136.485275,96.555222,506.928711,141.406403,139.990173
2023-11-07,179.548416,352.942200,45.922890,142.710007,129.896408,136.418961,95.041267,511.081390,141.078476,139.251923
2023-11-08,180.605057,355.556061,46.541454,142.080002,130.759293,137.091522,93.873871,510.036041,140.535126,138.744385
2023-11-09,180.131058,353.098846,46.917194,140.600006,129.172409,136.684189,93.901230,512.193115,140.853653,136.040573
2023-11-10,184.313644,361.889893,48.301228,143.559998,131.503113,138.711380,94.621735,514.293213,141.846695,135.883698
2023-11-13,182.731598,358.962799,48.586021,142.589996,131.007217,138.095627,95.615822,515.585510,142.830368,136.234344
2023-11-14,185.342026,362.477234,49.621304,145.800003,132.524673,140.615448,95.983986,513.580505,142.511841,136.262054
2023-11-15,185.905655,362.624420,48.853836,143.199997,133.516479,141.846939,95.404144,511.632477,141.856079,137.314041
2023-11-16,187.586655,369.000519,49.445427,142.830002,135.807556,143.466766,94.299721,512.972351,143.177002,138.513702
2023-11-17,187.566864,362.800964,49.263554,145.179993,134.200836,144.764572,96.600616,509.617950,141.528183,138.227600
2023-11-20,189.307159,370.246307,50.373779,146.130005,135.133148,145.209793,96.177261,508.487061,140.778702,139.446213
2023-11-21,188.506226,365.959564,49.909100,143.899994,135.847244,144.906662,96.140442,512.753784,140.160385,140.571701
2023-11-22,189.168732,370.648499,48.681961,146.710007,137.354767,145.247681,95.726273,516.716370,141.481339,140.292648
2023-11-24,187.843719,370.236450,47.742619,146.740005,135.569534,145.446609,96.241676,519.890320,141.818604,141.855423
2023-11-27,187.665756,371.394012,48.208294,147.729996,135.291809,145.115067,95.680252,516.554932,141.687454,140.720551
2023-11-28,188.268906,375.406006,47.787582,147.029999,136.075333,145.446609,95.625038,513.647095,142.671112,141.046112
2023-11-29,187.250443,371.629425,48.106358,146.320007,133.883438,146.185516,94.189278,508.373169,141.584396,141.492630
2023-11-30,187.823944,371.688232,46.737331,146.089996,131.443604,147.852753,94.557426,525.468323,143.823441,143.864639
2023-12-01,189.099503,367.372162,46.732330,147.029999,130.779114,148.572678,94.787506,521.721069,143.017761,147.324982
2023-12-04,187.309769,362.104462,45.478195,144.839996,128.210342,149.662048,94.272118,522.789124,142.455643,147.790070
2023-12-05,191.255112,365.420013,46.537552,146.880005,129.916245,149.643112,92.440605,524.677002,137.490387,147.483109
2023-12-06,190.167435,361.770966,45.475197,144.520004,128.954193,148.070618,91.216537,523.981018,137.387314,145.687805
2023-12-07,192.095581,363.879974,46.567535,146.880005,135.807556,148.525314,90.581474,522.779541,137.246796,144.552963
2023-12-08,193.519485,367.097473,47.476978,147.419998,133.883438,150.164108,91.621490,524.209717,135.982071,143.641373
2023-12-11,191.017776,364.223267,46.598518,145.889999,132.197403,150.713547,91.685905,518.402771,136.609787,144.236679
2023-12-12,192.530670,367.244659,47.627892,147.479996,131.433716,152.058701,90.240944,520.348022,136.722198,144.246033
2023-12-13,195.744308,367.234741,48.058624,148.839996,131.483307,152.570206,91.041664,523.485107,139.195450,144.915726
2023-12-14,195.892624,358.955658,48.320457,147.419998,130.858459,155.345795,93.489822,509.401794,135.523056,145.920380
2023-12-15,195.358658,363.664154,48.860130,149.970001,131.513062,156.520416,92.863968,506.426849,134.867279,144.329727
2023-12-18,193.697464,365.547546,50.046410,154.070007,134.686829,157.467728,93.554237,502.069305,136.937668,144.590179
2023-12-19,194.735703,366.145996,49.573692,153.789993,135.529846,159.570679,94.787506,499.675964,136.937668,145.538971
2023-12-20,192.649338,363.556305,48.081608,152.119995,137.205994,157.770813,93.204506,491.943024,134.820435,142.571671
2023-12-21,192.500992,366.420654,48.960075,153.839996,139.268951,158.670761,93.627876,495.709473,135.148300,144.032059
2023-12-22,191.433090,367.440857,48.800171,153.419998,140.330170,158.576019,93.793533,496.119354,136.103882,144.608810
2023-12-26,190.889252,367.519318,49.248894,153.410004,140.359924,159.513855,94.005211,495.852478,136.722198,145.241333
2023-12-27,190.988144,366.940552,49.386814,153.339996,139.219360,160.470596,93.563438,498.484070,136.834625,145.436676
2023-12-28,191.413345,368.127472,49.491749,153.380005,139.080505,161.323181,92.210510,500.496063,136.525436,145.650635
2023-12-29,190.375076,368.872955,49.491749,151.940002,138.544922,161.133713,92.017235,501.993011,137.284302,145.799454
2024-01-02,183.562210,363.801483,48.138569,149.929993,137.037384,163.009338,94.207687,514.264648,139.345352,148.803986
2024-01-03,182.187744,363.536682,47.539936,148.470001,137.781250,162.298874,94.999199,516.829651,138.502197,149.734192
2024-01-04,179.873932,360.927338,47.968681,144.570007,135.271973,163.375900,94.170883,520.061951,139.261032,149.417908
2024-01-05,179.152115,360.740967,49.067009,145.240005,134.617401,164.195587,94.456177,512.395752,138.108719,149.883011
2024-01-08,183.483093,367.548706,52.221081,149.100006,137.701889,163.957336,92.882378,511.575867,139.298508,150.255096
2024-01-09,183.067764,368.627716,53.107540,151.369995,139.794586,162.661072,91.731918,513.339844,139.869965,150.348129
2024-01-10,184.106033,375.474670,54.316799,153.729996,141.113678,163.004196,90.829979,512.643677,140.469543,150.571396
2024-01-11,183.512741,377.299286,54.788502,155.179993,140.915329,162.317932,90.811562,514.588867,141.003540,149.901596
2024-01-12,183.839066,381.066040,54.676575,154.619995,141.480682,161.126541,91.989639,497.263550,141.087875,151.055069
2024-01-16,181.574707,382.831726,56.347557,153.160004,141.322006,160.116226,89.909630,495.013367,140.329025,149.315613
2024-01-17,180.635315,382.046967,56.018761,151.710007,140.310333,159.258377,89.256180,500.534241,140.469543,149.231873
2024-01-18,186.518738,386.363129,57.072113,153.500000,142.303833,159.572922,89.090515,492.334045,139.659744,149.957428
2024-01-19,189.415924,391.071655,59.454659,155.339996,145.180099,162.327454,89.228561,480.148132,139.122360,150.394638
2024-01-22,191.719849,388.952820,59.617554,154.779999,144.793289,162.136841,89.108917,489.139740,139.395737,151.129471
2024-01-23,192.995422,391.297241,59.836430,156.020004,145.834671,161.069336,90.112106,491.552155,145.165421,148.655151
2024-01-24,192.323013,394.887573,61.324512,156.869995,147.481079,162.508591,91.667496,489.368622,143.411865,147.864502
2024-01-25,191.996704,397.153473,61.579361,157.750000,150.625061,164.834183,93.996002,470.460541,146.711502,148.422623
2024-01-26,190.266312,396.231445,60.993717,159.119995,150.942444,164.205139,94.796722,479.804932,147.201767,148.366806
2024-01-29,189.584015,401.911072,62.426842,161.259995,152.251617,164.634033,94.916367,481.082642,147.220612,148.236557
2024-01-30,185.935287,400.802582,62.735653,159.000000,150.218460,168.008133,96.499374,480.195831,148.474472,147.687759
2024-01-31,182.336075,390.002472,61.489410,155.199997,138.951584,166.187653,94.621841,487.947845,148.144516,147.808670
2024-02-01,184.768539,396.084259,62.988495,159.279999,140.002869,165.587173,94.235298,483.561737,150.067719,147.306366
2024-02-02,183.769836,403.382477,66.119591,171.809998,141.212860,166.540283,93.848763,486.508087,149.040131,145.678482
2024-02-05,185.579346,397.918579,69.289642,170.309998,142.502228,166.321075,93.462219,479.576050,149.153275,144.925049
2024-02-06,187.181213,397.761719,68.181320,169.149994,142.918793,166.892960,94.106453,486.927582,149.860336,147.027283
2024-02-07,187.289963,406.158539,70.056175,170.529999,144.346954,167.207474,94.078842,495.242249,150.011169,146.952896
2024-02-08,186.212189,406.217316,69.598457,169.839996,144.713943,166.607040,95.689461,495.909729,149.558640,145.483154
2024-02-09,186.974548,412.534637,72.088951,174.449997,147.778610,166.807159,93.664665,494.126556,148.408508,145.818039
2024-02-12,185.291428,407.345428,72.203873,172.339996,146.320694,167.550598,94.953171,493.573547,148.116226,146.831970
2024-02-13,183.202377,398.575867,72.083946,168.639999,143.950256,166.092346,94.135735,492.820251,147.324326,145.548279
2024-02-14,182.321198,402.428253,73.854866,170.979996,144.743683,167.779358,93.671272,492.906067,146.720947,144.869263
2024-02-15,182.034103,399.548767,72.613609,169.800003,141.599701,171.439377,96.355835,496.662994,148.021927,146.897049
2024-02-16,180.499466,397.091888,72.568642,169.509995,139.368134,170.638779,96.355835,497.301758,148.493301,146.728378
2024-02-20,179.756958,395.843781,69.409576,167.080002,139.963196,171.305954,95.445488,496.834534,149.436066,147.956192
2024-02-21,180.509399,395.244324,67.430779,168.589996,141.381485,172.421112,97.396217,497.702240,151.217865,148.724747
2024-02-22,182.539017,404.550964,78.490021,174.580002,142.908859,174.489410,97.312614,502.021606,151.368744,150.383713
2024-02-23,180.707413,403.263611,78.768852,174.990005,142.779938,175.366287,96.458008,502.727295,151.811829,151.686478
2024-02-26,179.360916,400.511932,79.043686,174.729996,136.442307,174.765823,96.838867,500.896545,151.048218,150.702347
2024-02-27,180.816299,400.452942,78.652916,173.539993,137.741562,174.851593,96.634499,489.549744,150.180847,150.880463
2024-02-28,179.618317,400.688782,77.615555,173.160004,135.262054,175.738007,96.903893,475.113678,150.887909,151.414688
2024-02-29,178.954987,406.506683,79.063667,176.759995,137.325012,177.339249,97.089661,470.651215,149.841492,151.255356
2024-03-01,177.875809,408.334625,82.228729,178.220001,136.015823,176.605316,98.315834,466.770477,149.756622,151.948929
2024-03-04,173.361099,407.764648,85.184929,177.580002,132.256882,177.930176,96.941040,459.466644,150.425995,149.811951
2024-03-05,168.430557,395.706146,85.915520,174.119995,131.582474,179.712555,98.130043,451.152008,150.199722,149.933823
2024-03-06,167.440491,395.155823,88.649971,173.509995,130.322891,180.646622,99.179726,450.627594,150.435394,149.343353
2024-03-07,167.321671,402.084351,92.616730,176.820007,133.278458,179.064423,99.737068,456.520264,151.425278,148.902817
2024-03-08,169.034485,399.214661,87.478630,175.350006,134.300034,179.397995,100.675262,456.204346,151.170776,149.512024
2024-03-11,171.034439,397.543915,85.725624,171.960007,136.541504,179.464737,101.269760,468.246796,152.302078,151.114761
2024-03-12,171.509644,408.118439,91.861168,175.389999,137.364685,180.942078,100.619530,468.438263,152.660294,152.530045
2024-03-13,169.430542,407.941528,90.836731,176.559998,138.644104,182.409912,101.743507,467.145905,153.009140,150.992920
2024-03-14,171.281952,417.886963,87.894394,178.750000,141.926971,179.159744,103.545593,468.103210,152.254944,149.221466
2024-03-15,170.905716,409.238739,87.787460,174.419998,140.022705,181.380524,103.359810,469.845398,152.141785,148.256088
2024-03-18,171.994797,410.123199,88.405113,174.479996,146.469437,183.629929,104.316597,466.236511,151.981537,146.925186
2024-03-19,174.331375,414.142670,89.347580,175.899994,145.824768,184.706940,105.050423,472.238556,152.566040,146.409714
2024-03-20,176.895630,417.896820,90.321037,178.149994,147.520752,187.127884,104.957535,473.109711,152.716873,145.987915
2024-03-21,169.668121,421.965363,91.383423,178.149994,146.390106,189.729935,105.421982,470.678284,152.594315,145.978561
2024-03-22,170.569122,421.346252,94.235809,178.869995,149.534103,187.404297,105.421982,469.127472,152.405777,145.491180
2024-03-25,169.153305,415.567688,94.948418,179.710007,148.839828,185.688690,106.499535,465.116547,151.019928,145.481796
2024-03-26,168.024628,414.378540,92.508789,178.300003,149.434921,186.556000,105.700668,471.271729,151.359314,145.997299
2024-03-27,171.588852,414.162292,90.199104,179.830002,149.633255,190.168381,106.796776,472.027985,153.301392,148.049927
2024-03-28,169.777039,413.464569,90.305038,180.380005,149.692810,190.911835,107.976494,473.559601,152.961990,148.265488
2024-04-01,168.341431,417.248230,90.312035,180.970001,154.215439,189.615585,108.673172,468.773285,151.387604,147.881210
2024-04-02,167.163269,414.172241,89.401543,180.690002,153.293030,189.539337,110.800385,438.561951,151.378189,147.834320
2024-04-03,167.965210,413.199280,88.913826,182.410004,153.650085,189.005569,110.818962,440.093506,147.211151,144.582031
2024-04-04,167.143463,410.673615,85.856544,180.000000,149.296082,187.567535,111.209091,435.919891,146.551285,142.932480
2024-04-05,167.895920,418.181793,87.958374,185.070007,151.249924,189.293167,112.741814,436.264526,147.164047,142.829346
2024-04-08,166.777115,417.267822,87.083847,185.190002,153.580673,190.280609,111.980103,436.513397,147.107483,142.079559
2024-04-09,167.985001,418.928650,85.305847,185.669998,155.316330,189.005554,112.565300,440.074493,147.692001,142.735641
2024-04-10,166.113785,415.960785,86.989914,185.949997,154.860077,187.394974,113.512794,430.817627,148.238785,140.776764
2024-04-11,173.301682,420.550232,90.564880,189.050003,158.103302,187.356583,113.131950,422.843628,146.918945,139.455200
2024-04-12,174.796707,414.624237,88.136269,186.130005,156.437057,175.238785,111.812874,420.431335,146.438126,138.264893
2024-04-15,170.975052,406.506683,85.952492,183.619995,153.590576,175.334656,111.171944,426.586578,146.551285,138.330505
2024-04-16,167.697906,407.430450,87.365692,183.320007,153.134338,173.331009,110.252319,448.852570,147.022644,135.387497
2024-04-17,166.331604,404.737732,83.987602,181.279999,154.195572,172.640747,110.196594,458.520905,147.974823,135.687408
2024-04-18,165.381119,397.298279,84.623238,179.220001,154.731171,173.762405,110.094398,472.104523,149.243423,136.596542
2024-04-19,163.361389,392.237061,76.157021,174.630005,152.826889,178.124435,111.357712,479.714813,150.049942,138.630432
2024-04-22,164.193054,394.045319,79.473137,177.229996,154.998901,181.585312,111.989372,470.237915,152.327148,139.764511
2024-04-23,165.242538,400.541412,82.376503,179.539993,156.962708,184.202499,112.425980,465.403687,153.238037,140.176880
2024-04-24,167.341476,402.005646,79.632072,176.589996,157.825607,185.103714,112.444572,466.475830,154.281784,139.211517
2024-04-25,168.202850,392.158508,82.585396,173.669998,154.721222,185.381714,112.704643,472.755463,154.234344,137.608826
2024-04-26,167.618683,399.312958,87.685524,179.619995,170.540482,185.496780,109.574226,474.181793,153.038788,136.971481
2024-04-29,171.776947,395.313141,87.707504,180.960007,164.788025,185.295441,111.134789,468.131897,153.389847,137.608826
2024-04-30,168.638474,382.615906,86.353271,175.000000,161.445663,183.819046,109.862183,463.029724,154.851074,135.518707
2024-05-01,167.618683,388.129120,82.994148,179.000000,162.516800,183.934113,107.781418,463.422119,155.040848,141.695267
2024-05-02,171.311646,390.979156,85.768600,184.720001,165.254181,183.742355,107.976494,471.903564,155.458328,140.514343
2024-05-03,181.558884,399.647064,88.738922,186.210007,165.869095,182.639847,107.753563,471.405731,156.046631,139.905090
2024-05-06,179.905457,406.408447,92.088028,188.699997,166.722061,184.068298,108.450233,473.253296,156.027649,139.258408
2024-05-07,180.588593,402.280823,90.502930,188.759995,169.846207,183.828644,107.911469,479.552094,157.280106,139.389618
2024-05-08,180.925232,403.460144,90.361008,188.000000,167.991577,187.567535,107.892891,481.705963,156.625412,139.605164
2024-05-09,182.737045,405.209473,88.696945,189.500000,168.566803,189.341125,110.020096,485.362671,157.545776,140.448700
2024-05-10,181.477951,407.587738,89.827316,187.479996,167.267532,190.558655,109.574226,490.895721,158.314362,140.504974
2024-05-13,184.680222,406.585266,90.348015,186.570007,167.753525,190.520294,109.527771,489.871429,157.384460,141.732773
2024-05-14,185.820312,409.376312,91.304482,187.070007,168.943695,193.185425,110.192657,491.920013,157.280106,141.882751
2024-05-15,188.090668,416.533844,94.576630,185.990005,171.095917,193.760651,111.044838,495.433136,157.991730,143.091797
2024-05-16,188.209656,414.476196,94.305786,183.630005,172.752182,194.105774,110.379944,498.994232,159.272690,144.600800
2024-05-17,188.239365,413.708252,92.426834,184.699997,174.616806,196.329941,112.037476,502.210541,159.063934,144.938202
2024-05-20,189.399338,418.758911,94.726555,183.539993,175.469742,187.500427,111.129112,495.126770,158.750839,142.925690
2024-05-21,190.698105,422.401672,95.332199,183.149994,176.392120,191.277649,110.361221,501.176727,159.737610,142.897354
2024-05-22,189.260529,423.858704,94.896439,183.130005,174.934189,190.117645,108.141830,499.070679,159.225220,145.032669
2024-05-23,185.275070,420.393219,103.740463,181.050003,172.127380,188.785065,106.296997,494.743896,157.023941,141.442322
2024-05-24,188.348434,423.504303,106.408951,180.750000,173.555557,192.418488,106.212715,486.453949,156.872147,138.862869
2024-05-28,188.358383,423.661835,113.836754,182.149994,174.954010,191.258499,107.561234,482.155823,154.765671,136.415756
2024-05-29,188.655762,422.529633,114.760223,182.020004,174.458115,189.925903,106.409370,464.006134,153.380386,136.472443
2024-05-30,189.647186,408.254028,110.437668,179.320007,170.699188,191.095505,106.746506,461.067261,154.262787,137.266083
2024-05-31,190.598953,408.706848,109.571152,176.440002,171.085968,194.259171,109.808723,474.200989,156.122543,138.579453
2024-06-03,192.363663,407.121765,114.935143,178.339996,171.750473,193.482651,107.177261,476.182556,156.226868,139.590408
2024-06-04,192.680908,409.632324,116.371315,179.339996,172.365402,190.932526,105.510368,483.888519,158.466156,139.647095
2024-06-05,194.187836,417.449432,122.370949,181.279999,173.972107,189.111023,105.931786,481.619781,157.555283,137.918060
2024-06-06,192.809784,417.951538,120.929756,185.000000,175.281311,188.775497,106.727776,480.471069,159.851486,138.343246
2024-06-07,195.199112,417.291962,120.819824,184.300003,173.029907,191.689911,105.585297,469.720978,158.513626,138.966812
2024-06-10,191.461456,421.249756,121.721313,187.059998,173.774597,191.363937,105.894333,473.846710,158.788788,139.014084
2024-06-11,205.370972,425.985321,120.851730,187.229996,175.373215,186.330826,105.042152,475.014679,158.912125,138.664474
2024-06-12,211.240143,434.235657,125.139671,186.889999,176.535004,183.617722,103.880959,471.999207,156.729767,137.388947
2024-06-13,212.400085,434.747589,129.547531,183.830002,173.923553,185.659729,103.047508,476.048523,157.896851,137.426727
2024-06-14,210.665146,435.722260,131.816452,183.660004,175.542068,185.774780,102.176605,475.876160,158.257416,137.511765
2024-06-17,214.809235,441.432556,130.916870,184.059998,175.988892,186.925217,101.474258,470.310089,158.931091,137.899124
2024-06-18,212.449661,439.433960,135.514648,182.809998,173.854034,188.861755,102.429451,462.446442,159.936874,137.615692
2024-06-20,207.879227,438.803864,130.716980,186.100006,175.055511,190.462769,104.639473,465.782227,159.092422,139.628204
2024-06-21,205.708069,442.820709,126.508995,189.080002,178.362000,188.190674,103.721748,463.926880,159.652222,140.544693
2024-06-24,206.352493,440.743378,118.053070,185.570007,177.954880,190.664093,106.802689,471.031097,159.832504,140.894287
2024-06-25,207.274536,443.972656,126.029236,186.339996,182.730942,189.887558,107.102364,465.763062,158.314362,139.070740
2024-06-26,211.418594,445.163940,126.339081,193.610001,182.582016,189.274002,107.139816,465.320862,158.883667,138.721176
2024-06-27,212.261307,445.843262,123.930252,197.850006,184.101212,190.942123,107.598671,467.628021,158.096115,137.757431
2024-06-28,208.811188,440.034515,123.480469,193.250000,180.864197,193.904465,107.804710,489.565552,156.483093,138.097565
2024-07-01,214.888535,449.663239,124.240097,197.199997,181.698288,196.962692,107.654869,475.520508,154.395630,138.362106
2024-07-02,218.378311,452.173798,122.610878,200.000000,183.932388,200.203049,106.924431,478.971649,155.515274,137.974731
2024-07-03,219.647308,453.640656,128.218170,197.589996,184.508301,200.068848,107.467575,470.944580,155.448868,137.653503
2024-07-05,224.396164,460.325623,125.769363,200.000000,189.254578,197.417831,106.165894,469.137268,156.758255,138.399918
2024-07-08,225.863480,459.026062,128.138199,199.289993,187.695633,197.784164,105.051514,470.415833,158.001251,137.455063
2024-07-09,226.716064,452.429749,131.316696,199.339996,187.645981,200.155594,103.890320,473.078705,157.185226,138.938492
2024-07-10,230.979172,459.035919,134.844986,199.789993,189.830444,200.319458,104.808044,481.557617,158.266922,141.187164
2024-07-11,225.615616,447.664642,127.338600,195.050003,184.260071,199.982071,106.053528,484.854980,157.071365,141.442322
2024-07-12,228.560104,446.532379,129.177734,194.490005,183.763580,197.562439,106.072250,491.747711,158.086624,141.612381
2024-07-15,232.386963,446.936066,128.378113,192.720001,185.213287,202.488480,107.888985,495.439209,156.160477,141.007675
2024-07-16,232.803345,442.564758,126.299103,193.020004,182.621719,205.929947,108.666245,527.643677,158.409241,142.680023
2024-07-17,226.914352,436.657593,117.933136,187.929993,179.742188,209.062958,110.164566,551.109619,160.771866,147.942795
2024-07-18,222.254700,433.556335,121.031639,183.750000,176.435699,202.421005,111.250847,542.515442,159.822998,146.846756
2024-07-19,222.383591,430.346771,117.873161,183.130005,176.405899,202.228195,108.694336,543.467163,160.326080,146.157059
2024-07-22,222.036621,436.086578,123.480469,182.550003,180.387604,202.710205,107.945160,536.930054,160.602875,145.731857
2024-07-23,223.077621,437.967010,122.530914,186.410004,180.506729,202.758392,106.203362,533.248169,159.046982,143.946121
2024-07-24,216.663177,422.263824,114.194954,180.830002,171.411423,201.081024,107.701683,538.102844,160.364258,147.659363
2024-07-25,215.622177,411.926239,112.225891,179.850006,166.099182,201.158157,109.967903,538.035583,159.314240,150.834000
2024-07-26,216.088150,418.689941,113.005501,182.500000,165.821167,204.599655,109.874260,547.687256,161.423813,151.778824
2024-07-29,216.365753,420.127350,111.536224,183.199997,168.333282,203.259689,108.722427,544.832153,162.206512,149.813568
2024-07-30,216.920914,416.376312,103.680008,181.710007,169.087906,207.443466,110.660881,554.041687,154.350601,152.430771
2024-07-31,220.172760,411.877045,116.963600,186.979996,170.329086,205.139481,111.054176,553.878296,153.453293,149.142715
2024-08-01,216.484726,410.656219,109.157364,184.070007,169.554596,200.473740,109.518410,550.619446,158.159256,151.892197
2024-08-02,217.971832,402.169617,107.218300,167.899994,165.483566,191.971222,109.452858,567.019592,162.349716,155.085754
2024-08-05,207.472778,389.035980,100.401588,161.020004,158.125870,187.883865,107.476929,547.918030,160.421509,152.355194
2024-08-06,205.450287,393.427002,104.199768,161.929993,157.172638,193.128021,106.905716,546.370300,160.450165,150.200958
2024-08-07,208.018051,392.265289,98.862328,162.770004,157.818054,193.185837,108.329109,544.188110,162.292419,150.134811
2024-08-08,211.478073,396.459351,104.919411,165.800003,160.886230,196.714096,110.398674,544.341858,163.103806,151.381989
2024-08-09,214.382935,399.737823,104.699516,166.940002,162.514664,198.391479,111.297668,537.151184,162.788818,151.759918
2024-08-12,215.911453,400.515594,108.967461,166.800003,161.144409,198.767441,111.438148,543.428650,159.228333,151.060745
2024-08-13,219.623642,407.604187,116.084030,170.229996,163.001190,200.454407,110.370575,552.032593,159.686508,149.652954
2024-08-14,220.070297,410.410095,118.023102,170.100006,159.237930,202.671631,111.391312,557.252563,161.127884,149.737976
2024-08-15,223.047958,415.262695,122.800797,177.589996,160.161392,203.934479,112.080437,557.194824,160.287888,150.314316
2024-08-16,224.368057,412.737793,124.519951,177.059998,161.809662,206.267349,111.551796,555.339417,160.259232,150.597763
2024-08-19,224.209259,415.755829,129.937363,178.220001,165.493484,207.694077,111.891640,556.397034,160.765167,150.824539
2024-08-20,224.824631,418.981018,127.188675,178.880005,165.999878,206.797562,108.162872,558.194702,162.664703,151.325317
2024-08-21,224.715454,418.330078,128.438065,180.110001,164.679276,206.874680,107.473740,555.714478,162.426086,152.525238
2024-08-22,222.859360,409.857727,123.680351,176.130005,162.643753,208.831619,108.304466,556.339233,162.416550,153.394501
2024-08-23,225.152191,411.080841,129.307632,177.039993,164.450897,210.451141,109.805412,561.905396,161.481079,155.076324
2024-08-26,225.489655,407.825958,126.399048,175.500000,164.987076,211.280167,112.155937,564.424072,162.607452,155.529846
2024-08-27,226.333328,408.171204,128.238174,173.119995,163.517517,212.253799,111.089249,564.635559,161.557434,155.129990
2024-08-28,224.804825,404.975586,125.549469,170.800003,161.700439,213.323822,109.994209,565.779419,161.376068,156.053452
2024-08-29,228.080261,407.461090,117.533325,172.119995,160.638016,214.210739,111.514038,568.692444,162.301987,156.348541
2024-08-30,227.296143,411.426025,119.312469,178.500000,162.226730,216.707504,111.334686,567.375366,163.743347,157.900360
2024-09-03,221.112473,403.831451,107.947952,176.250000,156.249222,212.369476,109.003021,575.527344,166.587921,159.137939
2024-09-04,219.206757,403.298828,106.158821,173.330002,155.345612,211.434418,107.671982,580.814697,167.905182,159.328369
2024-09-05,220.725403,402.795837,107.158333,177.889999,156.130051,209.795609,106.831825,572.460693,167.494720,157.072098
2024-09-06,219.176987,396.197510,102.780449,171.389999,149.854660,204.811737,106.331505,573.796936,167.609253,156.491364
2024-09-09,219.266342,400.162415,106.418694,175.399994,147.856201,209.005127,108.568771,571.124512,168.057892,158.614349
2024-09-10,218.472260,408.526276,108.047890,179.550003,147.806488,198.160110,104.613449,575.863953,169.709290,159.347397
2024-09-11,221.003296,417.245178,116.853668,184.520004,150.292114,199.769974,103.575050,566.942810,166.015198,156.910248
2024-09-12,221.112473,421.150970,119.092766,187.000000,153.801880,199.162674,105.000473,565.664185,165.585632,156.738861
2024-09-13,220.844482,424.691742,119.052780,186.490005,156.555954,196.964752,104.924973,571.335999,166.167923,157.576645
2024-09-16,214.710480,425.431458,116.733704,184.889999,157.152512,200.377304,106.397591,568.364685,169.184296,158.976120
2024-09-17,215.176971,429.189270,115.544174,186.880005,158.405304,201.717300,107.785263,557.578918,167.886108,159.052246
2024-09-18,219.047958,424.908722,113.325050,186.429993,158.892487,200.059189,108.162872,560.174011,166.015198,158.176437
2024-09-19,227.167099,432.680817,117.823273,189.869995,161.209091,202.903000,109.503326,556.720154,163.743347,156.910248
2024-09-20,226.502060,429.307648,115.954018,191.600006,162.650772,203.491028,108.814201,554.723206,166.301529,156.281952
2024-09-23,224.784943,427.571808,116.213913,193.880005,160.920761,203.828430,110.787163,553.189270,165.871994,155.387039
2024-09-24,225.678238,423.291199,120.822090,193.960007,161.358231,203.973022,110.494522,554.906555,165.366089,154.968155
2024-09-25,224.685699,426.190948,123.461037,192.529999,160.562836,202.623428,108.342216,555.987000,164.430618,152.892761
2024-09-26,225.827148,425.401886,123.990822,191.160004,161.795700,202.228195,106.482559,554.539917,165.337433,153.644852
2024-09-27,226.095093,422.156921,121.351875,187.970001,163.008698,202.922287,109.333412,561.331665,165.662003,153.654358
2024-09-30,231.266373,424.405701,121.391861,186.330002,164.897797,203.269318,110.655006,564.061890,165.327896,154.282715
2024-10-01,224.526901,414.927338,116.953613,185.130005,166.031250,199.586823,113.213234,562.730591,165.175171,154.216064
2024-10-02,225.092651,411.416168,118.802879,184.759995,164.907745,199.827835,114.714172,571.422791,164.106094,153.435410
2024-10-03,223.990906,410.834167,122.801300,181.960007,164.907745,197.841995,115.714813,571.847290,162.387863,152.797562
2024-10-04,225.112503,410.360779,124.870476,186.509995,166.100845,204.864136,117.838806,570.351929,161.204269,152.597641
2024-10-07,220.040527,403.930115,127.669365,180.800003,162.044281,204.582840,118.348557,562.981384,159.524246,151.874100
2024-10-08,224.090134,409.029266,132.837311,182.720001,163.436249,204.408264,115.205055,561.071167,160.516968,152.026428
2024-10-09,227.832092,411.741577,132.597412,185.169998,160.930710,206.997940,115.252251,570.371216,161.576553,152.940353
2024-10-10,227.335815,410.143799,134.756546,186.649994,161.149445,206.435379,116.243454,576.622803,161.271072,152.807068
2024-10-11,225.856934,410.617218,134.746567,188.820007,162.302780,215.601013,116.687126,576.960327,163.313812,153.711502
2024-10-14,229.579041,413.398590,138.015274,187.539993,164.012894,214.815384,117.130814,584.051270,164.669266,153.844757
2024-10-15,232.110031,413.004059,131.547836,187.690002,164.510040,215.698013,113.609703,536.672974,165.681107,156.224792
2024-10-16,230.055435,410.419952,135.666183,186.889999,164.211761,216.910400,113.902344,551.192322,164.545181,156.396149
2024-10-17,230.422699,411.011780,136.875717,187.529999,161.994553,217.666931,113.609703,546.069641,164.449722,156.577072
2024-10-18,233.251480,412.432037,137.945297,188.990005,162.481750,218.588333,113.288742,549.523315,164.456451,157.195847
2024-10-21,234.720474,413.043518,143.653030,189.070007,163.128021,216.289658,113.354828,551.317688,162.785751,155.015762
2024-10-22,234.105072,421.653961,143.533081,189.699997,164.191864,217.375931,113.940109,549.764404,162.939377,155.605988
2024-10-23,229.043015,418.783844,139.504669,184.710007,161.845428,216.687302,113.534172,544.728516,162.824158,157.900360
2024-10-24,228.854446,418.912018,140.354340,186.380005,161.785751,218.210083,112.892265,541.033630,162.862549,155.815430
2024-10-25,229.688202,422.285156,141.483887,187.830002,164.321136,215.620407,112.797874,544.651367,161.518356,153.159332
2024-10-28,231.663376,420.746552,140.464310,188.389999,165.762802,218.714432,112.240913,545.307373,162.555328,153.844757
2024-10-29,231.931381,426.033112,141.194000,190.830002,168.705811,216.192657,110.711639,542.307007,160.510162,152.407242
2024-10-30,228.387955,426.605194,139.284760,192.729996,173.458359,217.657242,110.154686,543.107849,159.540421,152.902283
2024-10-31,224.229111,400.783783,132.707367,186.399994,170.127579,215.242126,110.239647,544.593445,158.599457,152.188278
2024-11-01,221.251434,404.748688,135.346329,197.929993,170.306549,216.231461,108.512138,547.545593,158.522644,152.445328
2024-11-04,220.358124,402.864929,135.996078,195.779999,168.268326,213.166565,111.967163,538.100830,158.503448,150.646011
2024-11-05,221.787430,405.823761,139.854538,199.500000,168.765472,214.825089,112.297554,547.034302,159.156342,150.750763
2024-11-06,221.062836,414.424347,145.552277,207.089996,175.496597,239.625641,114.223305,575.648376,154.633972,150.303314
2024-11-07,225.787430,419.602448,148.820999,210.050003,179.712250,229.267029,114.364906,584.099487,156.899979,149.208481
2024-11-08,225.519150,416.751984,147.571472,208.179993,177.326019,229.848953,114.327148,594.094116,161.028671,148.008972
2024-11-11,222.806458,412.284058,145.202408,206.839996,179.314545,232.089462,113.722984,603.201172,159.415604,147.599579
2024-11-12,222.806458,417.235291,148.231201,208.910004,180.577255,232.351334,113.609703,592.994263,159.233154,145.314789
2024-11-13,223.690826,419.375610,146.211990,214.100006,177.852997,233.903198,114.666977,584.504578,159.943695,145.885971
2024-11-14,226.771133,421.042450,146.701828,211.479996,174.571930,234.591827,114.743118,572.233215,160.423752,144.581711
2024-11-15,223.571579,409.315338,141.923691,202.610001,171.499680,237.928314,113.553429,571.345520,162.785751,146.609512
2024-11-18,226.572433,410.064880,140.094421,201.699997,174.293549,237.656738,114.505180,568.856628,163.947540,147.342545
2024-11-19,226.830750,412.067078,146.951721,204.610001,177.097351,235.775116,112.906235,556.652710,163.957138,145.657516
2024-11-20,227.546204,409.798615,145.832169,202.880005,174.969620,233.534637,114.514702,579.323975,164.081985,145.762222
2024-11-21,227.069260,408.029541,146.611862,198.380005,166.667587,237.394867,116.047020,576.420044,165.867889,148.037521
2024-11-22,228.410660,412.111145,141.893707,197.119995,163.814056,241.070816,115.913773,570.033569,169.257233,147.723343
2024-11-25,231.391617,413.880157,135.966080,201.449997,166.687439,242.758453,114.181580,584.466064,170.323044,148.304092
2024-11-26,233.567734,422.972290,136.865723,207.860001,168.149017,242.448090,112.278091,585.392151,172.166519,148.284897
2024-11-27,233.438538,418.030914,135.286331,205.740005,168.258392,242.273499,111.983040,586.926147,172.214523,149.129379
2024-11-29,235.823303,418.495422,138.195206,207.889999,167.979980,242.205612,112.268562,588.682007,172.118515,148.755096
2024-12-02,238.068954,425.927246,138.575027,210.710007,170.505417,238.840027,112.163872,587.061218,172.541000,148.553619
2024-12-03,241.109528,426.144684,140.204407,213.440002,170.356277,237.453049,111.992561,583.887146,168.431503,146.212051
2024-12-04,241.467255,432.291779,145.082474,218.160004,173.368851,236.075790,108.766113,589.251160,168.133850,144.398331
2024-12-05,241.497040,437.430786,145.012497,220.550003,171.648804,238.093201,109.241997,558.553162,169.017197,143.486664
2024-12-06,241.298309,438.369690,142.393356,227.029999,173.706940,239.916641,108.090393,530.238220,166.895264,143.285110
2024-12-09,245.183502,440.790924,138.764526,226.089996,174.562958,236.473465,107.452705,542.924744,163.985947,143.563446
2024-12-10,246.197037,438.132446,135.025757,225.039993,184.317871,235.552048,107.233803,547.350525,165.416611,143.208328
2024-12-11,244.925171,443.726105,139.264359,230.259995,194.500793,236.201874,106.519989,516.689819,163.832352,140.722870
2024-12-12,246.385834,444.289429,137.294998,228.970001,191.076645,234.262070,106.424805,499.480713,164.043594,140.339005
2024-12-13,246.554749,442.026245,134.206024,227.460007,188.946472,232.719894,105.492104,504.051666,164.245224,140.703674
2024-12-16,249.446274,446.295624,131.956757,232.929993,195.755005,232.370743,103.236450,482.765503,164.321991,138.045456
2024-12-17,251.870773,449.131989,130.347290,231.149994,194.520706,231.187454,102.798653,470.195160,163.544296,140.502151
2024-12-18,246.475250,432.262085,128.867783,220.520004,187.533005,223.437866,101.285362,483.946960,162.344086,138.909119
2024-12-19,248.204178,431.906342,130.637177,223.289993,187.642487,225.949951,100.419266,473.807465,162.449692,137.786331
2024-12-20,252.874359,431.481384,134.655869,224.919998,190.529144,230.450317,100.761909,484.344055,161.364716,138.640411
2024-12-23,253.649429,430.147217,139.624268,225.059998,193.734344,231.216537,101.171158,490.358032,161.412735,139.408142
2024-12-24,256.560791,434.179321,140.174088,229.050003,195.207520,235.018585,101.266319,490.125610,162.209656,139.964737
2024-12-26,257.375610,432.973663,139.884171,227.050003,194.699875,235.823624,101.351982,495.016205,163.381073,139.705627
2024-12-27,253.967392,425.482513,136.965118,223.750000,191.872940,233.912903,101.342468,493.892822,162.776154,139.197006
2024-12-30,250.598892,419.849335,137.444962,221.300003,190.359955,232.118576,100.657204,491.771973,160.433365,137.556015
2024-12-31,248.830215,416.558411,134.246017,219.389999,188.428864,232.496841,102.379868,489.893158,160.971054,138.784363
2025-01-02,242.301926,413.672638,138.264709,220.220001,188.558258,232.778091,102.132416,488.585785,159.367569,138.208588
2025-01-03,241.815033,418.386688,144.422684,224.190002,190.907410,235.959396,102.655884,496.807831,158.551453,138.371750
2025-01-06,243.444626,422.833954,149.381042,227.610001,195.964035,234.809006,102.541664,497.456665,154.201920,137.863098
2025-01-07,240.672333,417.418152,140.094086,222.110001,194.590378,237.070801,103.502930,498.018372,154.874039,140.329391
2025-01-08,241.159225,419.582520,140.064117,222.130005,193.057465,237.031799,101.770752,507.964233,155.642166,136.529205
2025-01-10,235.346359,414.038330,135.865494,218.940002,191.156235,233.853561,101.399567,504.255066,152.243179,136.327667
2025-01-13,232.911911,412.298920,133.186371,218.460007,190.130981,238.084732,104.016884,524.059692,152.512024,138.640411
2025-01-14,231.799026,410.796783,131.716843,217.759995,188.787201,241.262955,104.426140,526.577576,153.376190,138.909119
2025-01-15,236.359879,421.311981,136.195389,223.350006,194.650101,246.020554,106.129776,526.267639,153.289749,139.120255
2025-01-16,226.810883,419.602295,133.526245,220.660004,192.022232,247.892395,105.948944,494.473877,154.105911,141.807266
2025-01-17,228.519974,424.000122,137.664902,225.940002,195.098038,252.659744,106.900688,493.670105,154.710815,141.097153
2025-01-21,221.226547,423.476318,140.783875,230.710007,197.138596,256.432648,106.091705,508.419373,155.277313,142.171921
2025-01-22,222.409012,440.968872,147.021851,235.009995,197.457138,256.247437,104.245308,503.315674,158.176987,139.408142
2025-01-23,222.240112,441.472839,147.171783,235.419998,197.068909,259.279419,104.835388,513.048584,159.530807,140.722870
2025-01-24,221.365677,438.853912,142.573273,234.850006,199.288666,258.197296,103.417274,515.702026,158.542557,140.895599
2025-01-27,228.400742,429.465302,118.381210,235.419998,190.927322,259.181946,104.854424,526.364502,163.894302,146.720673
2025-01-28,236.747406,441.957092,128.947769,238.149994,194.401260,260.439606,102.827187,525.357300,160.542221,144.311935
2025-01-29,237.840393,437.144165,123.659485,237.070007,194.510727,259.893616,103.426796,521.115601,160.580856,145.050873
2025-01-30,236.081635,410.124695,124.609177,234.639999,199.945633,261.502258,104.283371,528.349854,161.720779,146.701462
2025-01-31,234.501740,410.193909,120.030670,237.679993,203.081131,260.595581,101.675575,525.367004,160.349014,146.010529
2025-02-03,226.562469,406.102448,116.621796,237.419998,200.303955,260.117828,101.923027,530.877380,163.024887,145.741821
2025-02-04,231.322067,407.535431,118.611130,242.059998,205.430267,261.219574,104.654556,528.233582,162.416306,147.296448
2025-02-05,230.994171,408.444641,124.789108,236.169998,190.449539,263.647064,104.578415,522.771606,163.266403,148.448044
2025-02-06,231.739410,410.945007,128.637848,238.830002,190.718277,269.954773,103.198380,513.309875,163.140823,147.315628
2025-02-07,226.184906,404.946167,129.797455,229.149994,184.487091,268.882385,103.636185,510.395050,162.261719,146.941360
2025-02-10,226.453461,407.387207,133.526245,233.139999,185.611893,264.241791,105.615829,516.534912,161.836716,148.016190
2025-02-11,231.397354,406.616364,132.756516,232.759995,184.467194,268.092682,106.282051,517.067505,163.672119,149.829926
2025-02-12,235.625000,404.244476,131.097046,228.929993,182.765045,268.541168,103.084366,510.753296,163.817032,148.995010
2025-02-13,240.260498,405.726868,135.245682,230.369995,185.283401,269.389343,103.833382,514.413940,165.208084,150.904724
2025-02-14,243.314407,403.641602,138.804535,228.679993,184.377594,269.652557,103.939011,506.986145,157.354355,149.849121
2025-02-18,243.185074,404.837433,139.354355,226.649994,182.924332,272.928314,105.763512,484.925079,159.808044,149.926498
2025-02-19,243.582947,409.907288,139.184402,226.630005,184.417419,272.245850,105.917152,494.909698,160.832031,152.731766
2025-02-20,244.537903,412.075958,140.064117,222.880005,183.710678,260.108124,107.549599,486.561768,161.527573,154.463272
2025-02-21,244.259384,404.233124,134.385956,216.580002,178.833237,257.612305,106.291656,451.698090,164.444916,156.997696
2025-02-24,245.801254,400.064117,130.237335,212.710007,178.425110,254.785065,106.848602,446.952698,164.744400,158.390640
2025-02-25,245.741562,394.023529,126.588524,212.800003,174.612717,250.943893,105.369804,455.533081,166.782700,160.663864
2025-02-26,239.096664,395.835754,131.237000,214.350006,171.935120,252.298996,105.110527,448.957367,165.478577,157.752197
2025-02-27,236.052750,388.705902,120.110657,208.740005,167.724594,252.552460,105.773109,453.770508,166.125793,158.380966
2025-02-28,240.568878,393.122437,124.879082,212.279999,169.496399,258.012054,106.906227,459.968475,167.932251,159.628815
2025-03-03,236.778915,384.705231,114.022636,205.020004,166.241440,254.083130,103.478088,452.308136,169.622772,161.814987
2025-03-04,234.689941,384.824066,115.952011,203.800003,170.133453,243.973221,103.266815,459.629547,167.294662,160.015762
2025-03-05,234.500946,397.113159,117.261581,208.360001,172.223801,245.221130,101.250267,460.956299,168.676071,159.725555
2025-03-06,234.093124,393.023438,110.533783,200.699997,171.556870,240.356262,103.343643,472.325775,168.724380,160.412354
2025-03-07,237.813461,389.478271,112.653099,199.250000,173.059937,236.203125,104.688011,477.903992,169.970551,161.244278
2025-03-10,226.284363,376.456390,106.944962,194.539993,165.296829,226.395462,107.357559,467.049988,170.270004,162.221268
2025-03-11,219.679276,376.743561,108.724380,196.589996,163.473145,223.392700,104.822456,472.710358,167.236725,160.441391
2025-03-12,215.839569,379.536102,115.712738,198.889999,166.532547,222.183777,104.793640,467.915527,162.648132,157.529724
2025-03-13,208.577911,375.079895,115.552773,193.889999,162.197586,219.541794,104.351921,468.314331,162.860657,157.665146
2025-03-14,212.367905,384.774567,121.641335,197.949997,164.918152,226.609924,107.453575,475.248749,162.261719,157.491013
2025-03-17,212.875229,384.913208,119.501839,195.740005,163.722290,228.062561,109.239670,485.334351,163.990906,157.520050
2025-03-18,211.572113,379.783630,115.402809,192.820007,160.114792,229.076462,109.124435,489.983307,162.010574,158.883972
2025-03-19,214.108704,384.041748,117.492310,195.539993,163.323685,233.112625,110.824104,489.399750,162.841354,157.665146
2025-03-20,212.974701,383.071320,118.502068,194.949997,162.237442,233.015152,111.294640,497.277588,161.856018,157.694168
2025-03-21,217.122787,387.448273,117.672264,196.210007,163.423340,235.569443,110.910522,502.675446,161.025238,158.284256
2025-03-24,219.569839,389.250519,121.381401,203.259995,167.100586,241.838165,111.198616,502.335022,160.020569,157.955322
2025-03-25,222.573975,391.310272,120.661568,205.710007,169.970642,244.831146,111.957207,499.349213,157.315735,155.759506
2025-03-26,220.365631,386.170837,113.733200,201.130005,164.489624,244.733673,113.570450,503.988403,160.918961,156.436646
2025-03-27,222.673462,386.774872,111.403748,201.360001,161.679382,241.896637,113.205551,501.576385,162.976593,157.800583
2025-03-28,216.754700,375.109619,109.644157,192.720001,153.796722,236.758835,113.051926,501.887634,162.319702,158.361633
2025-03-31,220.962479,371.732849,108.354462,190.259995,154.105637,239.147385,114.204231,509.386169,164.628464,160.422043
2025-04-01,222.016922,378.466644,110.124054,192.169998,156.527252,237.548508,114.309868,508.773438,164.763718,148.243362
2025-04-02,222.713242,378.417114,110.393982,196.009995,156.497345,239.654358,113.954567,508.851257,163.739746,150.284409
2025-04-03,202.122040,369.475067,101.776024,178.410004,150.199203,222.953979,107.962509,525.618469,166.531540,154.598709
2025-04-04,187.389877,356.334351,94.287781,171.000000,145.096893,206.268478,100.193970,510.650543,158.185135,148.233673
2025-04-07,180.506256,354.373657,97.616989,175.259995,146.242889,210.349136,98.849609,510.310089,154.784744,145.699265
2025-04-08,171.513779,351.105774,96.277313,170.660004,144.199982,212.732773,96.765839,537.911804,153.007278,145.099518
2025-04-09,197.804855,386.685730,114.303070,191.100006,158.161575,229.869492,101.595970,562.634705,156.803757,146.037827
2025-04-10,189.419159,377.634796,107.544655,181.220001,152.291931,222.777420,95.959206,578.098633,158.001602,143.832336
2025-04-11,197.108536,384.665680,110.903862,184.869995,156.597015,231.693985,99.041664,583.029541,161.237762,146.772995
2025-04-14,201.455566,384.031860,110.683914,182.119995,158.520355,230.242249,99.281715,570.959900,163.382309,149.317078
2025-04-15,201.077545,381.972168,112.173561,179.589996,155.769882,228.682587,99.003242,567.585083,162.744751,148.601257
2025-04-16,193.248917,367.989655,104.465385,174.330002,152.800171,225.229721,100.049942,568.995300,160.735428,148.881790
2025-04-17,195.944672,364.196991,101.466087,172.610001,150.637665,227.534912,102.671463,441.656067,164.831345,152.325470
2025-04-21,192.144730,355.621399,96.887177,167.320007,147.159729,224.621552,101.163834,413.665344,161.115234,151.793442
2025-04-22,198.690186,363.246307,98.866707,173.179993,150.946594,231.095642,103.996628,415.464600,163.185699,152.596329
2025-04-23,203.524612,370.742615,102.685799,180.600006,154.813202,236.284729,103.103584,416.223236,161.095795,150.303772
2025-04-24,207.274826,383.526794,106.404922,186.539993,158.729599,239.972992,104.313507,412.614960,155.069183,149.868454
2025-04-25,208.180023,388.032532,110.983856,188.990005,161.400360,238.903793,104.255898,407.158844,156.517502,149.529907
2025-04-28,209.035507,387.349213,108.704384,187.699997,160.055023,238.580093,104.313507,408.481476,157.324295,150.274750
2025-04-29,210.099884,390.201202,108.994316,187.389999,159.606583,239.953384,104.054245,398.006927,157.722824,150.816452
2025-04-30,211.383102,391.409271,108.894333,184.419998,158.251266,239.953384,101.432724,400.156281,158.024170,151.203369
2025-05-01,212.198792,421.255646,111.583702,190.199997,160.742615,242.180084,101.576759,389.691376,155.506592,149.413818
2025-05-02,204.270691,431.039398,114.473030,189.979996,163.463211,247.692856,101.989670,388.952240,156.031479,151.019577
2025-05-05,197.844635,431.920746,113.793190,186.350006,163.642593,247.741913,99.166489,393.708099,154.388748,149.936172
2025-05-06,197.466629,429.088593,113.513260,185.009995,162.665955,244.495056,100.549271,383.690582,154.796982,149.423477
2025-05-07,195.218521,429.128235,117.032425,188.710007,150.856918,244.632385,100.453247,380.335236,154.835876,152.161026
2025-05-08,196.451996,433.901245,117.342354,192.080002,153.746902,248.634567,101.855240,374.976288,154.213776,150.574631
2025-05-09,197.486526,434.455780,116.622520,193.059998,152.222168,248.252014,103.045959,370.200989,153.251465,149.181686
2025-05-12,209.957047,444.883179,122.971031,208.639999,157.912445,255.089005,104.822456,368.362793,156.400864,149.104279
2025-05-13,212.088593,444.764404,129.899384,211.369995,158.978745,257.992584,105.110527,302.840424,154.291534,143.590485
2025-05-14,211.490982,448.527405,135.308105,210.250000,164.798553,260.572418,104.169472,299.562836,153.601379,141.578445
2025-05-15,210.614456,449.539276,134.798233,205.169998,163.393448,262.387085,105.225800,266.825958,157.868652,144.722275
2025-05-16,210.425201,450.670227,135.368103,205.589996,165.615723,262.455750,104.847862,283.904388,158.714294,146.386078
2025-05-19,207.955002,455.233826,135.538055,206.160004,165.964508,259.826874,103.180977,307.226746,160.162659,147.508179
2025-05-20,206.042587,454.539337,134.348343,204.070007,163.413376,260.611603,101.707932,312.760651,161.008316,148.639938
2025-05-21,201.291443,448.983734,131.768951,201.119995,167.977554,256.060150,100.457787,294.670807,160.804184,148.175644
2025-05-22,200.564316,451.255585,132.798706,203.100006,170.279556,255.697235,99.789101,288.533844,160.415390,147.624252
2025-05-23,194.498383,446.612671,131.259064,200.990005,167.887863,255.736420,99.847244,287.464020,161.222168,147.943481
2025-05-27,199.418869,457.039368,135.468063,206.020004,172.302551,260.229065,100.322105,286.909668,163.069031,149.514236
2025-05-28,199.628036,453.735779,134.778244,204.720001,171.764420,258.463409,98.955666,289.934357,162.680222,148.714203
2025-05-29,199.159897,455.045288,139.157211,205.699997,171.266144,259.326599,99.517754,289.992737,163.846664,149.836182
2025-05-30,200.056351,456.711975,135.098175,205.009995,171.146561,258.963684,99.139809,293.630127,165.139481,151.426453
2025-06-02,200.902985,458.309204,137.347641,206.649994,168.445923,259.611053,99.866631,296.363068,163.088486,151.611816
2025-06-03,202.466782,459.301300,141.186722,205.710007,165.605774,261.190338,100.593468,292.959076,162.184494,150.655716
2025-06-04,202.018539,460.194153,141.886566,207.229996,167.469299,259.179474,99.139809,292.142120,161.309647,149.484955
2025-06-05,199.837204,463.973999,139.957031,207.910004,167.628769,256.952789,98.684326,287.726593,158.247726,149.914215
2025-06-06,203.114197,466.652557,141.686600,213.570007,173.079834,260.660675,101.048943,294.904205,159.433609,151.250839
2025-06-09,200.653961,469.003815,142.596405,216.979996,175.693970,261.651398,101.727318,294.875031,158.014450,151.445953
2025-06-10,201.869141,467.188324,143.926086,217.610001,178.198334,263.475922,103.907814,295.458588,158.286606,152.636230
2025-06-11,197.994507,468.874847,142.806259,213.199997,176.951141,263.034515,105.933250,302.042938,157.577026,151.475220
2025-06-12,198.412857,475.075287,144.975906,213.240005,175.304840,263.122772,106.340279,309.765167,158.617081,152.841095
2025-06-13,195.673721,471.196289,141.946396,212.100006,174.277161,259.895538,108.656448,304.931458,155.798187,153.270386
2025-06-16,197.635941,475.343170,144.665955,216.100006,176.372437,265.202332,109.005333,301.346588,156.381424,151.436203
2025-06-17,194.866913,474.251892,144.096039,214.820007,175.554276,264.378326,110.478363,302.531738,154.087418,148.665436
2025-06-18,195.803207,476.434448,145.455811,212.520004,172.930206,268.733673,109.693398,300.896027,153.601379,147.055649
2025-06-20,200.205750,473.616913,143.826096,209.690002,166.265228,269.753815,111.156738,295.812531,154.631760,146.138550
2025-06-23,200.703766,482.148804,144.146042,208.470001,164.818481,272.961456,108.288185,294.509796,156.527237,147.631271
2025-06-24,199.508514,486.226196,147.875397,212.770004,166.394943,275.894409,104.993217,299.348419,155.875961,148.480072
2025-06-25,200.763519,488.369110,154.284363,211.990005,170.296143,278.640991,105.022285,295.822296,154.524841,148.567886
2025-06-26,200.205750,493.508057,154.994232,217.119995,173.149689,283.241516,106.592247,296.409973,154.194336,148.304459
2025-06-27,200.285446,492.010010,157.723801,223.300003,178.128479,281.632782,106.001091,302.766785,155.389938,148.694702
2025-06-30,204.359268,493.468384,157.963760,219.389999,175.833649,284.379364,104.469902,305.568115,154.865051,149.026398
2025-07-01,206.998795,488.150848,153.274536,220.460007,175.444519,284.869843,105.865410,319.447357,156.711914,152.119141
2025-07-02,211.600540,487.198486,157.223862,219.919998,178.238220,286.429535,107.619507,301.248596,156.692459,151.767929
2025-07-03,212.706146,494.887054,159.313522,223.410004,179.126221,291.752014,108.733963,302.218292,156.332809,152.206940
2025-07-07,209.120361,493.775940,158.213715,223.470001,176.392380,287.779846,107.677650,297.477600,156.012054,151.484985
2025-07-08,209.180145,492.684631,159.973419,219.360001,173.967850,278.721741,110.662498,301.385773,153.475037,151.992294
2025-07-09,210.305679,499.520050,162.852936,222.539993,176.222763,279.096283,110.284561,296.694031,153.115372,152.470367
2025-07-10,211.570663,497.506134,164.072739,222.259995,177.220520,284.054108,111.379639,293.363831,154.058243,153.846008
2025-07-11,210.325592,499.331543,164.892593,225.020004,179.784760,282.743164,111.864189,297.859650,152.658539,153.075256
2025-07-14,207.795624,499.033936,164.042740,225.690002,181.151657,284.556793,110.400833,294.411835,149.460510,152.997208
2025-07-15,208.283707,501.811768,170.671631,226.350006,181.590668,282.437622,109.422043,285.723877,148.410706,151.387421
2025-07-16,209.329544,501.613312,171.341522,223.190002,182.558502,281.718109,108.763046,286.487823,149.431351,160.763138
2025-07-17,209.190094,507.645142,172.971252,223.880005,183.167114,285.739563,108.210663,282.158569,151.268494,159.007034
2025-07-18,210.345505,506.008209,172.381363,226.130005,184.643784,287.089905,104.440826,276.849792,151.794067,159.709473
2025-07-21,211.640381,506.018127,171.351532,229.300003,189.672455,286.794189,104.712173,276.350281,151.725540,160.353409
2025-07-22,213.552780,501.266113,167.002258,227.470001,190.909668,287.247589,105.187035,279.278931,154.945435,163.836365
2025-07-23,213.303787,501.861328,170.751617,228.289993,189.802170,292.501129,106.534088,286.507446,154.906265,164.977844
2025-07-24,212.915314,506.831635,173.711136,232.229996,191.737793,292.294128,107.367531,272.863312,155.424957,165.426636
2025-07-25,213.034851,509.639252,173.471176,231.440002,192.745529,294.334412,106.989578,275.292419,154.925858,164.197357
2025-07-28,213.204193,508.438843,176.720627,232.789993,192.146866,293.999298,107.997452,276.330658,153.761215,162.168060
2025-07-29,210.435165,508.508270,175.480835,231.009995,195.309753,292.777130,109.392967,255.712631,153.271866,164.011978
2025-07-30,208.223923,509.172974,179.240219,230.190002,196.087997,295.329926,108.443245,260.580658,149.621368,163.182709
2025-07-31,206.749786,529.272339,177.840439,234.110001,191.468399,291.988556,108.191277,244.438828,147.262741,160.724136
2025-08-01,201.580292,519.956787,173.691132,214.750000,188.704636,285.217194,106.253059,232.890762,147.438919,163.251007
2025-08-04,202.546463,531.395447,179.970093,211.649994,194.601334,290.036987,104.053185,236.034897,147.546555,166.870560
2025-08-05,202.118149,523.567993,178.230377,213.750000,194.232178,287.188446,103.927193,245.849274,147.301880,166.577881
2025-08-06,212.407333,520.780212,179.390182,222.309998,195.648972,287.168762,103.219749,240.736389,149.601791,166.431519
2025-08-07,219.160538,516.712708,180.739975,223.130005,196.078018,282.822052,102.677048,239.649170,150.218369,167.348618
2025-08-08,228.443710,517.903198,182.669647,222.690002,200.966995,284.615906,103.500793,245.741531,150.237930,169.104736
2025-08-11,226.539093,517.635376,182.029739,221.300003,200.547943,285.404419,102.560753,247.191147,151.676605,169.582809
2025-08-12,229.002121,525.046204,183.129562,221.470001,202.882675,288.647247,102.851486,256.202362,151.784256,168.568146
2025-08-13,232.671753,516.454834,181.559830,224.559998,201.505798,286.360535,104.276070,266.232239,152.097458,170.168152
2025-08-14,232.123291,518.339661,181.989746,230.979996,202.483582,289.938446,104.062874,265.918793,150.463043,170.460846
2025-08-15,230.936646,516.048035,180.420013,231.029999,203.441406,286.321075,104.160683,297.771454,151.069824,172.334045
2025-08-18,230.238632,513.002319,181.979736,231.490005,203.042328,287.346161,104.385658,302.159546,152.400848,171.953552
2025-08-19,229.909561,505.730438,175.610809,228.009995,201.116669,286.488678,105.070343,297.996735,155.023712,173.465775
2025-08-20,225.372391,501.712555,175.370850,223.809998,198.871719,288.045959,106.156067,293.687012,156.110046,174.480408
2025-08-21,224.265533,501.066620,174.950912,221.949997,199.300735,287.287048,106.840759,297.125000,155.346664,174.568222
2025-08-22,227.117462,504.037842,177.960434,228.839996,205.626495,291.988556,108.845909,301.111511,155.287964,174.919449
2025-08-25,226.519150,501.086517,179.780121,227.940002,208.021088,290.667816,109.295837,298.604034,152.821655,174.060913
2025-08-26,228.663086,498.880463,181.739792,228.710007,206.674118,294.285126,109.051308,294.264923,152.645523,173.451584
2025-08-27,229.839767,503.550903,181.569839,229.119995,207.013367,294.984955,110.283752,297.644104,153.614410,173.746399
2025-08-28,231.903931,506.432648,180.140060,231.600006,211.164001,296.749268,110.870628,296.086792,152.332321,172.429489
2025-08-29,231.485107,503.501221,174.151047,229.000000,212.431152,297.094238,111.790062,303.511200,153.692688,174.119858
2025-09-02,229.071945,501.941071,170.751617,225.339996,210.874680,295.398956,112.181320,302.463165,154.622467,174.994537
2025-09-03,237.797256,502.169647,170.591660,225.990005,230.141235,295.211639,109.462128,301.562042,154.798615,174.935577
2025-09-04,239.103546,504.773163,171.631485,235.679993,231.777542,299.459808,109.941406,304.010742,155.796890,175.682495
2025-09-05,239.013794,491.884766,166.992264,232.330002,234.471481,290.155273,106.840759,308.917969,156.609177,175.358154
2025-09-08,237.208908,495.064636,168.282028,235.839996,233.722473,288.706360,107.447182,313.678192,155.620712,175.063339
2025-09-09,233.688873,495.273285,170.731613,238.240005,239.304901,293.575470,108.229691,340.780426,156.061142,173.913498
2025-09-10,226.150192,497.221008,177.300537,230.330002,238.845520,296.226868,110.039223,339.663788,153.996109,172.763626
2025-09-11,229.381058,497.856964,177.150558,229.949997,240.043900,301.174835,109.687096,346.353607,155.248825,175.426956
2025-09-12,233.409668,506.691010,177.800476,228.149994,240.473312,302.505463,109.706665,345.276184,154.534363,174.994537
2025-09-15,236.032227,512.116638,177.730499,231.429993,251.268646,304.466858,109.892502,342.900787,153.487183,174.345901
2025-09-16,237.478149,505.836426,174.860809,234.050003,250.819260,304.752716,112.171539,334.907074,154.681198,173.422104
2025-09-17,238.315796,506.810242,170.271301,231.619995,249.191467,307.275970,112.768196,336.710846,156.912567,174.149353
2025-09-18,237.208908,505.250122,176.220657,231.229996,251.688080,308.734741,111.437943,330.018219,153.966751,171.161697
2025-09-19,244.807419,514.670532,176.650589,231.479996,254.374435,310.262512,110.352226,331.861389,152.714005,173.156754
2025-09-22,255.357559,511.212402,183.589844,227.630005,252.187408,307.956116,109.569717,336.405273,149.807327,171.210831
2025-09-23,253.712219,506.025238,178.410400,220.710007,251.318588,308.251770,111.457504,342.703644,149.249481,173.540024
2025-09-24,251.598206,506.939423,176.950562,220.210007,246.804718,308.922058,112.054153,346.764557,149.171188,173.648148
2025-09-25,256.145325,503.839081,177.670502,218.149994,245.456528,308.951599,113.061630,340.604187,148.906937,174.670227
2025-09-26,254.739319,508.241180,178.170441,219.779999,246.205521,311.524109,114.655983,339.145386,149.249481,176.616150
2025-09-29,253.712219,511.361359,181.830048,222.169998,243.718903,311.159454,111.721603,340.229614,150.257523,178.493256
2025-09-30,253.911667,514.690369,186.559509,219.570007,242.770203,310.903168,110.283752,340.347900,150.374969,182.227829
2025-10-01,254.729340,516.439270,187.219452,220.630005,244.567749,306.250916,109.540375,343.304901,149.914978,182.847000
2025-10-02,256.404602,512.494263,188.869263,222.410004,245.356689,303.136230,108.855690,348.647186,148.809067,182.778198
2025-10-03,257.292084,514.094055,187.599411,219.509995,245.017136,305.580688,110.782608,355.034241,149.024384,185.392395
2025-10-06,255.965836,525.243530,185.519623,220.899994,250.090240,306.224426,111.702042,353.624725,147.204010,184.920670
2025-10-07,255.756454,520.682312,185.019684,221.779999,245.426575,304.748718,111.760727,358.444611,149.288620,185.638092
2025-10-08,257.332001,521.546875,189.089233,225.220001,244.288132,301.123657,111.525970,364.614838,147.478058,186.424332
2025-10-09,253.323303,519.112366,192.548859,227.740005,241.202316,302.609344,110.440262,362.416809,147.370392,187.790405
2025-10-10,244.578064,507.744324,183.139893,216.369995,236.249054,298.013702,108.307938,349.415955,146.499374,187.436600
2025-10-13,246.961334,510.814880,188.299332,220.070007,243.818771,305.026031,109.784904,353.516327,144.346283,187.613480
2025-10-14,247.071014,510.337921,180.010223,216.389999,245.117004,299.192322,109.833817,354.768097,145.980667,187.564362
2025-10-15,248.636581,510.198792,179.810257,215.570007,250.689438,302.767822,109.168686,355.970581,144.277756,187.878845
2025-10-16,246.751923,508.390259,181.790039,214.470001,251.118851,295.686157,108.219917,351.554871,146.411301,188.812485
2025-10-17,251.578247,510.347900,183.199890,213.039993,252.956360,294.715546,109.784904,351.485870,148.172913,189.893555
2025-10-20,261.500183,513.537659,182.619949,216.479996,256.201935,299.469635,110.234840,359.252869,148.720993,190.384949
2025-10-21,262.028656,514.402161,181.140106,222.029999,250.120209,294.250000,110.244629,360.130096,148.388214,188.576630
2025-10-22,257.720886,517.263977,180.260208,217.949997,251.348541,291.298523,112.200882,356.305695,148.955856,189.618393
2025-10-23,258.847656,517.283936,182.139999,221.089996,252.736649,291.724426,113.443108,355.280640,148.965668,189.156464
2025-10-24,262.078583,520.314697,186.239532,224.210007,259.567413,297.567993,112.866005,357.301239,150.283310,187.122086
2025-10-27,268.051666,528.174988,191.468979,226.970001,268.904663,301.242523,113.403984,360.731323,149.544174,187.023819
2025-10-28,268.241119,538.658569,201.007935,229.250000,267.107147,302.440979,112.513878,362.564667,149.179520,183.711838
2025-10-29,268.939148,538.141785,207.017273,230.300003,274.197510,302.589569,113.902817,350.165070,146.617142,183.387527
2025-10-30,270.634338,522.451172,202.867722,222.860001,281.098145,306.481964,112.181320,339.805817,147.415421,185.795334
2025-10-31,269.607269,514.551208,202.467773,244.220001,280.808533,308.145905,111.858536,336.661530,148.193985,185.618439
2025-11-03,268.290955,513.776123,206.857285,254.000000,283.335083,306.392853,111.271667,329.002991,145.878006,183.053375
2025-11-04,269.278198,511.093170,198.668182,249.320007,277.163483,306.293793,111.643349,326.085419,145.040283,183.643051
2025-11-05,269.377930,503.968262,195.188583,250.199997,283.924286,308.700562,111.193413,323.039734,143.680252,182.797852
2025-11-06,269.008942,493.971558,188.059357,243.039993,284.363708,310.423950,111.995483,316.948364,144.015350,183.751144
2025-11-07,267.712616,493.693329,188.129349,244.410004,278.451691,311.206360,114.655983,319.560364,144.853043,183.358047
2025-11-10,268.930359,502.815552,199.028152,248.399994,289.706421,313.860779,115.634109,316.968079,143.394455,185.166382
2025-11-11,274.739563,505.478668,193.138794,249.100006,290.914764,312.602905,117.159981,322.753906,146.390457,190.493057
2025-11-12,272.962860,507.923218,193.778732,244.199997,286.321014,317.347107,115.536301,334.197388,145.868134,191.043396
2025-11-13,272.443848,500.122620,186.839478,237.580002,278.192078,306.521606,116.191643,327.751190,145.818863,191.888611
2025-11-14,271.904816,506.969238,190.149109,234.690002,276.035004,300.707703,117.701263,317.244049,145.533051,192.556900
2025-11-17,266.963989,504.296143,186.579514,232.869995,284.633301,297.498657,116.112701,315.923279,143.709839,196.144058
2025-11-18,266.944061,490.682404,181.340088,222.550003,283.894318,296.547852,117.444725,309.082794,144.862915,196.556824
2025-11-19,268.061951,484.054352,186.499527,222.690002,292.412750,300.370941,115.787094,304.657196,144.862915,199.023621
2025-11-20,265.756256,476.308838,180.620163,217.139999,289.057312,295.527710,115.461487,307.072083,146.045532,199.573975
2025-11-21,270.986511,470.026825,178.860367,220.690002,299.253448,295.171112,115.520691,315.381195,148.736023,200.389679
2025-11-24,275.408325,471.898499,182.529968,226.279999,318.147766,295.151337,114.425476,314.474396,144.853043,202.502670
2025-11-25,276.456390,474.875214,177.800476,229.669998,323.001190,300.103516,112.984917,321.600677,146.341202,204.401611
2025-11-26,277.035278,483.347534,180.240204,229.160004,319.515961,304.699188,113.241455,324.981506,146.104660,205.281830
2025-11-28,278.332886,489.828674,176.980560,233.220001,319.745605,310.087189,114.376144,325.040649,146.015976,204.648865
2025-12-01,282.575012,484.582001,179.900253,233.880005,314.462799,305.966980,115.076683,318.574707,145.306396,203.086197
2025-12-02,285.659271,487.827576,181.440079,234.419998,315.381531,304.936890,113.843330,319.885651,143.749252,203.165329
2025-12-03,283.623047,475.611969,179.570282,232.380005,319.196381,309.146271,116.231102,334.838074,144.586960,203.076309
2025-12-04,280.179443,478.708191,183.370087,229.110001,317.189087,313.078308,115.579895,328.707275,143.256485,200.257599
2025-12-05,278.263000,481.017883,182.400131,229.529999,320.834106,312.028473,114.987885,326.164307,141.374115,199.713623
2025-12-08,277.374664,488.843048,185.539963,226.889999,313.499329,312.196808,114.435349,321.123474,136.338074,199.407028
2025-12-09,276.665955,489.838593,184.959991,227.919998,316.856934,297.637360,116.675110,321.103638,137.609406,197.765259
2025-12-10,278.263000,476.438293,183.770050,231.779999,319.984741,307.145538,117.947929,325.836853,137.796661,204.273026
2025-12-11,277.514404,481.326508,180.920197,230.279999,312.210205,314.346069,117.947929,334.132355,138.723053,207.704941
2025-12-12,277.763947,476.408417,175.010529,226.190002,309.072449,315.475159,117.237518,339.202942,140.772949,209.257721
2025-12-15,273.601654,472.714874,176.280457,222.539993,308.003174,316.960846,116.191643,338.468658,143.029816,211.819275
2025-12-16,274.100739,474.277924,177.710388,222.559998,306.354340,312.533539,113.152657,331.621887,143.108658,207.002731
2025-12-17,271.335876,474.009094,170.930756,221.270004,296.511261,311.969025,115.846306,329.071716,145.671036,208.021423
2025-12-18,271.685242,481.834259,174.130569,226.759995,302.247223,310.007935,114.987885,325.608643,143.414185,206.023590
2025-12-19,273.162506,483.765656,180.980209,227.350006,306.943939,314.177673,115.135887,324.894196,142.369522,204.104904
2025-12-22,270.467499,482.770111,183.680054,228.429993,309.562073,320.001465,116.576439,322.651611,140.625122,205.044464
2025-12-23,271.854919,484.691528,189.199768,232.139999,314.128876,322.814331,117.829521,322.294373,141.108032,203.521378
2025-12-24,273.302216,485.856323,188.599792,232.380005,313.869049,326.023376,117.632195,325.052917,142.399094,205.499420
2025-12-26,272.892975,485.547699,190.519684,232.520004,313.289459,324.775421,117.523659,329.270142,142.645462,205.351074
2025-12-29,273.252350,484.940430,188.209808,232.070007,313.339417,320.655182,118.924744,326.402435,142.477936,205.281830
2025-12-30,272.573578,485.318726,187.529846,232.529999,313.629242,320.328339,119.378616,329.597626,141.965454,204.638962
2025-12-31,271.355835,481.475861,186.489914,230.820007,312.779816,319.139801,118.737274,327.563416,141.236160,204.678528
2026-01-02,270.507416,470.843201,188.839783,226.500000,314.928314,322.368652,121.016510,333.804901,139.738144,205.074142
2026-01-05,266.764374,470.753632,188.109818,233.059998,316.317352,330.846832,123.690414,339.381531,138.338684,202.067505
2026-01-06,261.873444,476.388519,187.229874,240.929993,314.118866,332.906250,119.437828,346.277924,137.885361,202.542236
2026-01-07,259.847198,481.326508,189.099762,241.559998,321.753510,325.325073,116.911911,339.064026,136.042419,205.212601
2026-01-08,258.559631,475.990265,185.029984,246.289993,325.211060,328.110840,121.273048,344.174286,139.481903,203.491699
2026-01-09,258.889008,477.155090,184.849991,247.380005,328.338867,327.513885,122.950409,341.326447,139.816986,202.146637
2026-01-12,259.767395,475.064392,184.929993,246.470001,331.626526,322.837799,122.378128,337.883209,141.384003,207.418137
2026-01-13,260.565887,468.583282,185.799942,242.600006,335.733673,309.316986,124.854698,331.353943,142.152695,211.304993
2026-01-14,259.477905,457.343323,183.130081,236.649994,335.603760,306.302429,128.465942,332.376007,144.232162,216.151199
2026-01-15,257.731140,454.635376,187.039886,238.179993,332.545898,307.685364,127.410217,336.345154,142.537064,217.160019
2026-01-16,255.056137,457.821167,186.219910,239.119995,329.767853,310.878998,128.160080,328.466400,142.438492,216.259995
2026-01-20,246.242508,452.504883,178.060364,231.000000,321.773499,301.198547,128.722504,335.819244,144.872757,215.814941
2026-01-21,247.190750,442.141022,183.310089,231.309998,328.149017,300.502136,131.830551,345.067352,143.946350,215.617142
2026-01-22,247.889450,449.139862,184.829987,234.339996,330.307495,302.084015,131.860153,351.735504,147.760345,216.091873
2026-01-23,247.580017,463.884186,187.659836,239.160004,327.699310,296.204102,133.172440,353.511688,149.027802,217.723755
2026-01-26,254.936356,468.195007,186.459915,238.419998,333.025574,299.507202,133.044159,348.927338,148.372757,219.058945
2026-01-27,257.791016,478.449310,188.509796,244.679993,334.314636,298.780914,135.007645,280.519165,147.231339,221.976562
2026-01-28,255.964462,479.494690,191.509644,243.009995,335.773651,299.238556,135.747665,291.751831,146.238815,225.220566
2026-01-29,257.801025,431.578064,192.499573,241.729996,338.012054,304.859833,138.638641,290.035187,148.779678,224.795273
2026-01-30,258.998810,428.382324,191.119659,239.300003,337.762238,304.332520,139.516785,284.716522,150.635712,224.755707
2026-02-02,269.509308,421.492981,185.599960,242.960007,343.448242,306.571075,136.556732,283.386871,152.045090,228.217316
2026-02-03,268.980286,409.386871,180.330231,238.619995,339.471008,313.246887,141.815750,281.987732,154.159180,230.541519
2026-02-04,275.977234,412.353668,174.180573,232.990005,332.805725,315.654541,145.624344,273.791473,155.697586,231.896469
2026-02-05,275.398346,391.924652,171.870697,222.690002,331.016968,308.580780,144.134476,266.478302,157.424591,235.180023
2026-02-06,277.604218,399.361542,185.399963,210.320007,322.632874,320.758453,147.064911,274.515839,157.980392,237.355881
2026-02-09,274.367218,411.766296,190.029709,208.720001,324.091858,320.459991,149.196136,273.573181,156.154160,236.020691
2026-02-10,273.428070,411.437744,188.529785,206.960007,318.355865,316.659424,149.571075,271.112305,157.891068,235.733902
2026-02-11,275.246399,402.577209,190.039719,204.080002,310.741241,309.237427,153.488205,276.758392,158.804199,238.216339
2026-02-12,261.489105,400.058411,186.929886,199.600006,308.782623,301.099060,148.919205,282.176270,160.005157,241.865829
2026-02-13,255.544556,399.540741,182.800110,198.789993,305.504944,301.009491,147.449188,290.928223,158.873688,240.777908
2026-02-17,263.637115,395.100494,184.959991,201.149994,301.807526,305.566193,145.204437,286.859863,158.357559,240.659225
2026-02-18,264.106689,397.828369,187.969818,204.789993,303.116608,307.207794,149.664154,285.976746,155.687668,242.301010
2026-02-19,260.340118,397.598846,187.889832,204.860001,302.636963,306.481506,149.952209,287.693390,157.374954,244.199936
2026-02-20,264.336456,396.371521,189.809738,210.110001,314.758423,309.207581,146.287079,287.762848,159.578369,239.828445
2026-02-23,265.934967,383.639069,191.539642,205.270004,311.270874,296.154388,149.743622,280.161926,163.935562,243.141678
2026-02-24,271.889526,388.159302,192.839569,208.559998,310.681305,295.786224,148.253723,271.836670,164.044739,244.871735
2026-02-25,273.977600,399.734222,195.549408,210.639999,312.679871,301.755676,148.055084,282.007599,162.168854,243.768082
2026-02-26,272.698761,400.851807,184.879990,207.919998,307.163788,304.571289,147.538574,284.448608,162.526169,242.077805
2026-02-27,263.936829,391.891205,177.180420,210.000000,311.540710,298.770966,151.471893,291.007599,165.950378,247.009430
2026-03-02,264.476318,397.688629,182.470123,208.389999,306.304352,296.044922,153.180298,292.654816,162.287964,247.138687
2026-03-03,263.507233,403.057007,180.040253,208.729996,303.366425,298.731171,150.806412,286.978943,158.526291,245.339035
2026-03-04,262.278351,404.324280,183.030090,216.820007,302.916779,297.865631,148.809967,289.707703,157.116913,243.897339
2026-03-05,260.050415,409.792419,183.330078,218.940002,300.668335,292.055328,149.743622,286.542328,152.839127,238.259766
2026-03-06,257.222992,408.076141,177.810379,213.210007,298.309998,288.006073,150.190598,284.270020,152.481812,239.025345
2026-03-09,259.640778,408.525177,182.640106,213.490005,306.359985,288.443848,149.425781,285.170013,154.059921,241.202820
2026-03-10,260.589905,404.883087,184.760010,214.330002,307.040009,287.259888,147.131363,282.339996,154.844009,242.316437
2026-03-11,260.569916,404.004974,186.029999,212.649994,308.700012,286.056030,150.558090,285.250000,152.174133,241.600540
2026-03-12,255.524567,400.991486,183.139999,209.529999,303.549988,281.449646,152.494949,277.049988,149.375198,240.655960
2026-03-13,249.889771,394.695129,180.250000,207.669998,302.279999,281.996826,155.067474,282.089996,149.524078,240.138947
2026-03-16,252.587296,399.085632,183.220001,211.740005,305.559998,284.702972,156.169998,285.489990,150.983093,241.799393
2026-03-17,253.995987,398.546783,181.929993,215.199997,310.920013,285.429260,157.739349,287.570007,150.347870,236.748444
2026-03-18,249.709946,390.943268,180.399994,209.869995,307.690002,286.274902,156.527573,284.329987,145.613525,235.923187
2026-03-19,248.730850,388.179230,178.559998,208.759995,307.130005,286.503754,157.093735,280.440002,143.757492,236.241364
2026-03-20,247.761734,381.044708,172.699997,205.369995,301.000000,285.100922,158.593552,275.589996,143.201691,234.024109
2026-03-23,251.258514,382.172272,175.639999,210.139999,302.059998,288.433868,160.043716,269.540009,142.913864,234.073822
2026-03-24,251.408371,371.934418,175.199997,207.240005,290.440002,290.911194,164.265060,272.279999,142.090057,233.924683
2026-03-25,252.387466,370.238129,178.679993,211.710007,290.929993,293.915833,162.159348,270.549988,142.844376,238.558029
2026-03-26,252.657227,365.179077,171.240005,207.539993,280.920013,290.174957,164.314713,268.049988,141.355591,237.871994
2026-03-27,248.570984,355.998932,167.520004,199.339996,274.339996,281.399872,169.837234,259.019989,141.643433,239.075058
2026-03-30,246.402985,358.184204,165.169998,200.949997,273.500000,282.325134,170.313995,261.790009,143.638397,241.103409
2026-03-31,253.556381,369.369995,174.399994,208.270004,287.559998,292.662231,168.516205,270.589996,143.360489,243.042252
2026-04-01,255.394699,368.571716,175.750000,210.570007,297.390015,293.876038,159.696075,273.980011,143.013107,242.724075
2026-04-02,255.684433,372.652863,177.389999,209.770004,295.769989,293.100006,159.606674,277.260010,142.050354,241.650253
2026-04-06,258.621704,372.074127,177.639999,212.789993,299.989990,295.450012,162.268600,281.359985,141.702972,239.592087
2026-04-07,253.266663,371.485413,178.100006,213.770004,305.459991,297.399994,162.804977,307.730011,140.243958,237.046738
2026-04-08,258.661682,373.520996,182.080002,221.250000,317.320007,307.970001,155.166809,305.980011,143.817047,239.920212
2026-04-09,260.250214,372.263733,183.910004,233.649994,318.489990,310.329987,153.994766,306.910004,145.563904,239.930145
2026-04-10,260.240234,370.068481,188.630005,238.380005,317.239990,309.869995,151.481812,304.329987,144.075119,237.096451
2026-04-13,258.961426,383.539307,189.309998,239.889999,321.309998,313.679993,151.610947,313.000000,142.506912,236.599304
2026-04-14,258.591736,392.260406,196.509995,249.020004,332.910004,311.119995,148.233871,314.190002,143.300949,238.727066
2026-04-15,266.184753,410.331268,198.869995,248.500000,337.119995,305.929993,148.005417,314.049988,142.308411,237.305237
2026-04-16,263.157532,419.351746,198.350006,249.699997,336.019989,309.950012,150.955399,316.399994,142.040436,233.198853
2026-04-17,269.981262,421.876282,201.679993,250.559998,341.679993,310.290009,145.452744,324.630005,145.831879,232.840912
2026-04-20,272.798645,417.166473,202.059998,248.279999,337.420013,316.989990,146.684372,323.480011,143.410126,229.370880
2026-04-21,265.925018,423.243317,199.880005,249.910004,332.290009,313.000000,147.359802,346.010010,141.256348,224.866776
2026-04-22,272.918579,431.984375,202.500000,255.360001,339.320007,313.019989,148.492111,353.519989,141.782379,224.807129
2026-04-23,273.178314,414.851471,199.639999,255.080002,338.890015,311.690002,149.515167,354.559998,144.621002,229.331100
2026-04-24,270.810486,423.702301,208.270004,263.989990,344.399994,308.279999,147.906097,354.920013,148.179993,226.199112
2026-04-27,267.363647,423.901886,216.610001,261.119995,350.339996,311.630005,147.190948,354.690002,148.399994,224.051468
2026-04-28,270.460815,428.322296,213.169998,259.700012,349.779999,311.450012,149.544968,366.769989,149.169998,226.487457
2026-04-29,269.921326,423.542633,209.250000,263.040009,349.940002,309.250000,153.627258,370.739990,146.460007,226.049973
2026-04-30,271.100250,406.898712,199.570007,265.059998,384.799988,313.230011,153.289551,370.480011,147.089996,228.535690
2026-05-01,279.882141,413.544312,198.449997,268.260010,385.690002,312.470001,151.720200,368.779999,147.259995,225.890884
2026-05-04,276.575165,412.726074,198.479996,272.049988,383.250000,307.649994,152.653870,370.750000,143.419998,222.917984
2026-05-05,283.918427,410.490936,196.500000,273.549988,388.429993,309.399994,153.835846,363.869995,144.899994,224.260269
2026-05-06,287.245361,413.065338,207.830002,274.989990,398.040009,314.899994,147.687576,367.279999,147.899994,223.335587
2026-05-07,287.175415,419.860626,211.500000,271.170013,397.989990,306.269989,145.591797,369.739990,146.059998,221.237640
2026-05-08,293.050018,414.222839,215.199997,272.679993,400.799988,302.100006,143.595352,379.980011,146.419998,220.054459
2026-05-11,292.679993,411.768158,219.440002,268.989990,388.640015,300.000000,148.670898,384.440002,143.360001,220.163818
2026-05-12,294.799988,406.888702,220.779999,265.820007,387.350006,304.880005,149.614502,396.390015,143.910004,222.977631
2026-05-13,298.869995,404.334259,225.830002,270.130005,402.619995,300.250000,150.548172,401.160004,142.240005,229.102417
2026-05-14,298.209991,408.545135,235.740005,267.220001,401.070007,299.910004,151.750000,399.089996,142.710007,229.480255
2026-05-15,300.230011,421.008148,225.320007,264.140015,396.779999,297.809998,157.919998,393.850006,141.570007,225.413635
2026-05-18,297.839996,422.624664,222.320007,264.859985,396.940002,300.730011,160.490005,391.130005,142.389999,227.610992
2026-05-19,298.970001,416.517883,220.610001,259.339996,387.660004,295.700012,162.550003,389.239990,141.300003,228.684814
2026-05-20,302.250000,420.149994,223.470001,265.010010,388.910004,301.980011,156.279999,383.299988,142.440002,228.008713
2026-05-21,304.989990,419.089996,219.509995,268.459991,387.660004,303.000000,155.289993,382.480011,143.399994,230.404922
2026-05-22,308.820007,418.570007,215.330002,266.320007,382.970001,306.380005,154.919998,388.470001,144.440002,233.000000
2026-05-26,308.329987,416.029999,214.860001,265.290009,388.880005,306.739990,149.809998,376.859985,142.960007,230.179993
2026-05-27,310.850006,412.670013,212.600006,271.850006,388.829987,299.279999,147.899994,384.010010,147.490005,231.289993
2026-05-28,312.510010,426.989990,214.250000,274.000000,390.130005,296.730011,146.960007,382.529999,145.910004,230.800003
2026-05-29,312.059998,450.239990,211.139999,270.640015,380.339996,299.309998,145.259995,380.309998,143.559998,225.330002
2026-06-01,306.309998,460.519989,224.360001,261.260010,376.369995,296.579987,149.380005,379.859985,140.279999,223.509995
2026-06-02,315.200012,441.309998,222.820007,256.519989,361.850006,300.959991,149.559998,377.920013,140.820007,222.889999
